TransactionID,Actual,Predicted,Fraud_Probability
2993089,0,0,0.0045259497
3003579,0,0,0.002572063
3016098,0,0,0.00093756913
3016235,0,0,0.017275
3017418,0,0,0.007918851
3007431,0,0,0.0012354149
3013079,0,0,0.004040376
2992687,0,0,0.058513
3010388,0,0,0.0030585567
2999901,0,0,0.0108605465
2992181,0,0,0.0073385527
3017203,0,0,0.022141023
2988385,0,0,0.0028688414
3009439,0,0,0.028381452
2989216,0,0,0.0038963417
2994893,0,0,0.031428657
2999522,0,0,0.02633135
2994212,0,0,0.26580408
2995468,0,0,0.0038566147
3006555,0,0,0.0048725246
3001278,0,0,0.0062500136
3012607,0,0,0.0028141085
3003558,0,0,0.001768467
2990107,0,0,0.025053803
3008486,0,0,0.0021528946
3017821,0,0,0.007393293
3010779,1,0,0.006652765
3003547,0,0,0.0044509317
2999070,0,0,0.003598077
3011522,0,0,0.0034276226
2997501,0,0,0.002269216
3007977,0,0,0.0013342516
2993325,0,0,0.012115791
2997516,0,0,0.001190377
3016681,0,0,0.005295677
2998866,0,0,0.008746037
3017147,0,0,0.0018167142
3001544,0,0,0.004218399
3012179,0,0,0.028814616
3010980,0,0,0.0014195113
2998611,0,0,0.047452625
2991972,0,0,0.0051200986
2988302,0,0,0.026607744
3014522,0,0,0.03503713
2992930,0,0,0.009513023
2989771,0,0,0.0035221898
2998377,0,0,0.026826605
3006200,0,0,0.0028750037
2987180,0,0,0.0037922394
2994204,0,1,0.37418064
2989430,0,0,0.008265084
2993438,0,0,0.011391796
2994280,0,0,0.011668392
2992328,0,0,0.010414057
3006532,0,0,0.03198069
2988926,0,0,0.016703278
2993230,0,0,0.01213918
3013455,0,0,0.004347182
2989643,0,0,0.0029608137
2999202,0,0,0.001365452
3011826,0,0,0.004259264
2987481,0,0,0.011643376
3016930,0,0,0.002804556
3014528,0,0,0.0053641456
3007949,0,0,0.0087055685
3001852,0,0,0.03592364
2993496,0,0,0.0023500223
3018358,0,0,0.0016577517
3006431,0,0,0.0029517442
2989678,0,0,0.008335955
3008948,0,0,0.0052892505
3013113,0,0,0.007525019
2993809,0,0,0.0063924203
3015440,0,0,0.15446007
3017693,0,0,0.0188221
3000039,0,0,0.008207694
3006991,0,0,0.006389547
3013506,0,0,0.006440882
2997676,0,0,0.01571232
2988888,0,0,0.006844151
3007556,0,0,0.0050398163
3011821,0,0,0.0019512456
2994705,0,0,0.017305227
2989238,0,0,0.0042114146
3007805,0,0,0.0041922033
3009111,0,0,0.0028490492
3017673,0,0,0.020969076
3016845,0,0,0.0019515286
3013726,0,0,0.0069246814
3001780,0,0,0.002399907
2991162,0,0,0.07299792
3009008,0,0,0.01645093
3007459,0,0,0.021935508
3011179,0,0,0.001391246
3012065,0,0,0.0063471594
2995061,0,0,0.004477081
3005197,0,0,0.0070729484
3005161,0,0,0.011943248
2989710,0,0,0.0016862834
3016286,0,0,0.0023436286
3008116,0,0,0.002752682
2997813,0,0,0.008613972
2996730,0,0,0.0210541
3018585,0,0,0.0031915118
3010677,0,0,0.0032501023
2994464,0,0,0.0074434215
2987812,0,0,0.077552415
3003366,0,0,0.0047047627
2999304,0,0,0.01422248
3016555,0,0,0.0023684336
3017599,0,0,0.008466209
3017241,0,0,0.0018916893
3010102,0,0,0.0028267065
2999097,0,0,0.0057883277
2991372,0,0,0.004485752
2987409,0,0,0.0032362954
3006529,0,0,0.0019203064
3014872,0,0,0.006559304
2988313,0,0,0.050579906
2989291,0,0,0.018546708
3002134,0,0,0.004523276
2987031,0,0,0.003963422
3002867,0,0,0.010311273
2993850,0,0,0.0034004012
3000651,0,0,0.0065489495
3011101,0,0,0.0076545947
2992915,0,0,0.008667308
3017620,0,0,0.03796043
3005371,0,0,0.006592657
3016412,0,0,0.0029268195
3015961,0,0,0.012290449
2997269,0,0,0.008730714
3013279,0,0,0.007774079
3011255,0,0,0.018047854
3003748,0,0,0.0013289207
3008495,0,0,0.0067459797
3007779,0,0,0.0019505946
2998805,0,0,0.008013877
2995752,0,0,0.0038045086
3018681,0,0,0.016727174
2994022,0,0,0.019147875
2999555,0,0,0.0031349894
2990757,0,0,0.013641974
3004589,0,0,0.009316727
2992963,0,0,0.006944367
3002238,0,0,0.002584658
2994703,0,0,0.0071407263
3009670,0,0,0.005999724
3010650,0,0,0.0066103186
2990082,0,0,0.079458565
3007070,0,0,0.11528362
2987858,0,0,0.0033407803
2992876,0,0,0.019345334
3002334,0,0,0.015393393
2999856,0,0,0.0020608746
3003046,0,0,0.0022264842
3005825,0,0,0.013191607
2988271,0,0,0.028208343
3010378,0,0,0.005156655
2990875,0,0,0.0017193804
2991984,0,0,0.0766843
3007329,0,0,0.024428267
3008733,0,0,0.0051129092
2989443,0,0,0.006070444
3010583,0,0,0.028665984
3012185,0,0,0.00082586525
3010955,0,0,0.002459393
3006233,0,0,0.0027016888
3016223,0,0,0.011779597
3002178,0,0,0.026894152
3012049,0,0,0.0050923694
3017663,0,0,0.0009740758
3005685,1,0,0.05756815
3006298,0,0,0.020491492
2993687,0,0,0.0739495
2992440,0,0,0.023180583
3002763,0,0,0.019199388
3010832,0,0,0.0034389878
3015227,0,0,0.0037891762
3005368,0,0,0.004165121
2999372,0,0,0.002616322
3015456,0,0,0.06250728
3009914,0,0,0.0036805926
2998787,0,0,0.0006981538
3009278,0,0,0.05973421
3005058,0,0,0.0016472301
2990338,0,0,0.001953996
2990753,0,0,0.0070577143
2987071,0,0,0.006480485
3010081,0,0,0.001974494
3016644,0,0,0.0050588604
3005249,0,0,0.12661022
3008090,0,0,0.0075654136
3000451,0,0,0.01175886
2991535,0,0,0.003282309
3010709,0,0,0.006406865
3005522,0,1,0.38040122
3017172,0,0,0.0041238843
3012917,0,0,0.0039157383
3013759,0,0,0.003690226
2997163,0,0,0.0013377698
2990012,0,0,0.0067863213
2988018,0,0,0.034348574
2997364,0,0,0.0060538515
3015727,0,0,0.011103091
3005584,0,0,0.029994385
3007851,0,0,0.0011446533
3013312,0,0,0.0056206468
3001329,0,0,0.0035929505
3014093,0,0,0.008225188
3001251,0,0,0.005335537
3018499,0,0,0.008882246
2993719,0,0,0.0013595537
3005200,0,0,0.0114191845
2988747,0,0,0.014521017
3003522,0,0,0.032956824
3014278,0,0,0.0021832306
2996126,0,0,0.015633028
2989689,0,0,0.0019601404
3001985,0,0,0.022027677
3007737,0,0,0.006482159
2989131,0,0,0.0096442625
3004711,0,0,0.0038793564
3011707,0,0,0.01935631
3010780,0,0,0.002002669
3009744,0,0,0.01204816
2990219,0,0,0.017513191
2990446,0,0,0.0033963167
2989672,0,0,0.013963304
2995153,0,0,0.0064331326
2993768,0,0,0.012928206
3002946,0,0,0.009283473
2988400,0,0,0.0064819837
2994108,1,1,0.96912426
3014442,0,0,0.0075102686
3013066,0,0,0.007253082
3015738,0,0,0.0067942743
2994815,0,0,0.0033263683
2995543,0,0,0.0058241077
3010110,1,0,0.20360817
3011380,0,0,0.009857365
3000259,0,0,0.0008844744
3009045,0,0,0.00652372
2989402,0,0,0.004639597
3009141,0,0,0.009209092
2996846,0,0,0.0025728715
3013504,0,0,0.003205726
3015722,0,0,0.006305362
3011793,0,0,0.007412737
3016553,0,0,0.000988943
3011408,0,0,0.008533286
3004211,0,0,0.0044682613
2988080,0,0,0.0017525643
2996964,0,0,0.0071042036
3007983,0,0,0.0030647132
3005563,0,0,0.004661617
3007895,0,0,0.0035612362
3009163,0,0,0.014911063
2997377,0,1,0.37535462
3014776,0,0,0.0134884445
2997203,0,0,0.004286946
3018705,0,0,0.0010627178
3004077,0,0,0.024127088
3003872,0,0,0.0031827951
3012061,0,0,0.004409167
3017167,0,0,0.008909847
3016548,0,0,0.0015955287
2995390,0,0,0.0037430834
2989929,0,0,0.014088887
3004189,0,0,0.0048735025
3000114,0,0,0.11854659
2997449,0,0,0.0034005805
3017329,0,0,0.04320331
3000737,1,0,0.19579583
2987917,0,0,0.022969631
3001954,0,0,0.034728833
3012824,0,0,0.00212412
3001524,0,0,0.008080763
2990114,0,0,0.04492307
3004133,0,0,0.0065293564
3012810,0,0,0.0076952325
3005741,0,0,0.00496607
2999703,0,0,0.008839272
2993136,0,0,0.0068128626
2990154,0,0,0.10637597
3008849,0,0,0.01377142
3000109,0,0,0.014324779
2989898,0,0,0.18559483
3007934,0,0,0.0012579509
2998062,0,0,0.0013034467
3004790,0,0,0.010093278
3001021,0,0,0.002057633
3001197,0,0,0.03339979
3001683,0,0,0.016788842
2997008,0,0,0.014517919
2991353,0,0,0.019168058
3010266,0,0,0.0043886243
2997069,0,0,0.01907554
3000315,0,0,0.007312363
3007109,0,0,0.0070180134
3005018,0,0,0.002619964
3004056,0,0,0.0036848811
2994835,0,0,0.019882891
3003772,0,0,0.0072756056
3014681,0,0,0.0074570323
2999330,0,0,0.032276027
3018127,0,0,0.004434864
3002532,0,0,0.0011458942
3014281,0,0,0.027548144
2988791,0,0,0.0048196297
2998651,0,0,0.07082889
3010375,0,0,0.0079070255
3010630,0,0,0.026482834
2996737,0,0,0.031843968
3000345,0,0,0.0045601726
2996886,0,0,0.0048498265
3017145,0,0,0.0030738804
3005760,0,0,0.09264274
3001947,0,0,0.0032392363
3000067,0,0,0.026754465
2988610,0,0,0.018953878
2998415,0,0,0.025023177
3003019,0,0,0.0032185842
3017022,0,0,0.005508156
3001542,0,0,0.007429477
3018239,0,0,0.0031192047
2994576,0,0,0.04294085
2996065,0,0,0.016413445
3017704,0,0,0.0022462287
2988988,0,0,0.04056418
3018244,0,0,0.007835348
2990765,0,0,0.0033179906
2988386,0,0,0.011920288
2999642,0,0,0.0051875687
2994869,0,0,0.003936712
2990570,0,0,0.008118782
3014898,0,0,0.022650782
2987590,0,0,0.0062254155
3009014,0,0,0.004890889
3004564,0,0,0.014001743
3007172,0,0,0.004188862
2994798,0,0,0.0109450165
3001892,0,0,0.0019671237
3003360,0,0,0.044095546
3016993,0,0,0.0083092265
3013681,0,0,0.0067654466
3018350,0,0,0.0057251495
3004164,0,0,0.075378366
3004246,0,0,0.0016500753
3004146,0,0,0.01638308
3014703,0,0,0.0021947236
3003511,0,0,0.01074674
3013589,0,0,0.048456788
3018195,0,0,0.0036902223
2994908,0,0,0.0024887566
3008210,0,0,0.0032421476
2991070,1,1,0.9586838
3007162,0,0,0.012007724
3004744,0,0,0.0019916366
3005830,0,0,0.0068435995
3003219,0,0,0.009540623
3017634,0,0,0.0077056563
2998417,0,0,0.00432997
3001353,0,0,0.0044066603
3006340,0,0,0.01412412
2999421,0,0,0.0010600116
3012041,0,0,0.0008643566
2994803,0,0,0.014055318
2991379,0,0,0.003313232
3011685,0,0,0.0019401504
3006448,0,0,0.0020975
3001316,0,0,0.008985004
3012401,0,0,0.00063682697
3012134,0,0,0.017572593
2990723,0,0,0.01151046
2998662,0,0,0.0010743882
3000555,0,0,0.0040088766
3018769,0,0,0.006625528
2992809,0,0,0.0040330566
2996559,0,0,0.011015041
3007923,0,0,0.005332241
3000175,0,0,0.00388027
2990972,0,0,0.020291211
3018800,0,0,0.27559647
3016015,0,0,0.006908685
2997939,0,0,0.01941454
3004929,0,0,0.00242845
3002953,0,0,0.003193016
3010954,0,0,0.018785754
3011482,0,0,0.0062364847
3013351,0,0,0.07482188
3012983,0,0,0.005290385
3018618,0,0,0.0016581125
2989956,0,0,0.019763162
3017319,0,0,0.0023109613
3018417,0,0,0.0025224474
3002275,0,0,0.0029654219
3013453,0,0,0.0114392955
3012205,0,0,0.006857598
3018170,0,0,0.008387446
3006829,0,0,0.009835924
3000514,0,0,0.0025843938
3014661,0,0,0.0018517792
3009199,0,0,0.002955204
3013297,0,0,0.010978759
2991551,0,0,0.005932146
2999722,0,0,0.0032984521
3004875,0,0,0.021683272
3015835,0,0,0.027884109
3014103,0,0,0.0023758647
2988324,0,0,0.0032957632
3014744,0,0,0.0064344495
3012886,0,0,0.042680018
2987831,0,0,0.03186388
2992045,0,0,0.0012775991
3018715,0,0,0.0024576858
2991754,0,0,0.0036675956
2996716,0,0,0.006188546
3003200,0,0,0.0060953577
3002531,0,0,0.0032655739
3012261,0,0,0.0038603626
3007116,1,1,0.6478238
2991495,0,0,0.015925854
3003068,0,0,0.0046089333
2994416,0,0,0.029736325
3015956,0,0,0.0071245045
3012489,0,0,0.0062658545
3017466,0,0,0.008900256
2999423,0,0,0.0026514034
3016242,0,0,0.017175743
3013503,0,0,0.0038866487
2998222,0,0,0.0023780705
3011355,0,0,0.0023281379
3000472,0,0,0.004237523
2997066,0,0,0.002835447
3012745,0,0,0.0045067966
2991974,0,0,0.0052865543
3013581,0,0,0.004891476
3005133,0,0,0.0073693194
3011318,0,0,0.020514892
3011032,0,0,0.0042163166
2993098,0,0,0.015660921
3017578,0,0,0.001250821
2992492,0,0,0.02888842
3015955,0,0,0.02799181
2998563,0,0,0.0071090455
3002127,0,0,0.001907367
3011150,0,0,0.0010363538
2998965,0,0,0.027916143
2991450,0,0,0.0076579712
2990084,0,0,0.00846799
3006270,0,0,0.012538218
3007090,0,0,0.0030728155
2992663,0,0,0.0051493556
3014515,0,0,0.006863664
2996068,0,0,0.16893315
2992635,0,0,0.011692315
3013405,0,0,0.009791875
2994193,0,0,0.0589339
2995226,0,0,0.01157464
2999182,0,0,0.0033589783
2996556,0,0,0.00639812
3001343,0,0,0.0029156099
2994832,0,0,0.025050856
2999079,0,0,0.004233999
2989652,0,0,0.002055399
3001890,0,0,0.0054867007
2990735,0,0,0.010183606
2993380,0,0,0.020991221
3011018,0,0,0.0020578464
2989790,0,0,0.008013256
2992767,0,0,0.005217494
3011437,0,0,0.0044503734
3009940,0,0,0.003587988
2994614,0,0,0.005689367
3008947,0,0,0.0037360592
3008675,0,0,0.01563349
3006406,0,0,0.0019546184
3012625,0,0,0.0017432575
3002060,0,0,0.0022389798
2993845,0,0,0.001993293
3015521,0,0,0.01188856
3003273,0,0,0.009553117
3018225,0,0,0.0063381465
2990850,0,0,0.018316327
2989865,0,0,0.0060717724
2997988,0,0,0.004168504
3001724,0,0,0.007829442
2989327,0,0,0.002585434
3016376,0,0,0.004176866
3009117,0,0,0.0023243919
3008611,0,1,0.4453105
3006016,1,0,0.016134491
3002211,0,0,0.0057983575
2994972,0,0,0.0072658593
2998681,0,0,0.0037524998
2990170,0,0,0.0020606823
3004916,0,0,0.009678741
3008531,0,0,0.0028581235
3008217,0,0,0.008745115
2988036,0,0,0.0013788299
3012682,0,0,0.0026018026
3015353,0,0,0.005015117
3003516,0,0,0.002283734
2995660,0,0,0.003370754
3014237,0,0,0.0035068828
3015921,0,0,0.00730312
2997160,0,0,0.08239094
3004097,0,0,0.0356848
3011939,0,0,0.009847433
3005170,0,0,0.005366044
3001543,0,0,0.0088880155
2993399,0,0,0.013040108
2990629,0,0,0.0043009766
2991292,0,0,0.014806803
2993328,0,0,0.002877356
2998580,0,0,0.005301113
2991635,0,0,0.00487135
2994592,0,0,0.00479002
3009356,1,0,0.030229282
3016520,0,0,0.0016079625
3017950,0,0,0.032291215
2988852,0,0,0.00715115
3001315,0,0,0.0069328477
2998081,0,0,0.0037188686
3005223,0,0,0.0050936355
3012096,0,0,0.0012590591
2990789,0,0,0.012218735
3012326,0,0,0.0045856247
3012751,0,0,0.0020401175
3002280,0,0,0.0032085183
2987080,0,0,0.0019318397
3008613,0,0,0.008232999
3011137,0,0,0.016853122
2996735,0,0,0.0049572233
3017680,0,0,0.0020989138
2988130,0,0,0.002510864
2987930,0,0,0.002020499
3005968,0,0,0.0039733527
2995082,0,0,0.0023079023
3014806,0,0,0.0076276176
3007308,0,0,0.003378057
3003525,0,0,0.006521285
2994341,0,0,0.038792334
2993914,0,0,0.005648043
3015294,0,0,0.0091013
3014963,0,0,0.003682298
3009793,0,0,0.0019803424
3015043,0,0,0.0015553352
3005407,0,0,0.017863782
3005937,0,0,0.0030337165
2989195,0,0,0.0076910825
3004018,0,0,0.14194474
2992994,0,0,0.0048434557
3012974,0,0,0.0030279977
3004345,0,0,0.005534773
3000381,0,0,0.0066482793
3013557,0,0,0.006009802
2998876,0,0,0.0052305134
3016240,0,0,0.003312243
3002858,0,0,0.010401308
3005526,0,0,0.009533952
3001290,0,0,0.0019349027
2998745,1,1,0.57396066
2988773,0,0,0.0023222177
2997263,0,0,0.0059310803
2990560,0,0,0.03722679
3003493,0,0,0.0017285782
3014332,0,0,0.0037986776
2989112,0,0,0.01577289
2993384,0,0,0.0027428456
3014453,0,0,0.00952639
3012371,0,0,0.0029020263
2988074,0,0,0.007183116
3017059,0,0,0.007136802
2991938,0,0,0.030296229
3014232,0,0,0.0021175647
3012158,0,0,0.0040406366
3016753,0,0,0.0055097626
2998622,1,0,0.01713833
3004704,0,0,0.0020774524
3012288,0,0,0.009566169
2992479,0,0,0.09069346
3008775,0,0,0.1706918
3001379,0,0,0.012913833
3007515,0,0,0.002156293
3007534,0,0,0.0034233467
2991220,0,0,0.007621873
2993585,0,0,0.0044073947
3017570,0,0,0.0009991389
2996649,0,0,0.004624096
2993677,0,0,0.11406101
3013914,0,0,0.0157331
3000815,0,0,0.0020095732
3000909,0,0,0.012304639
2988915,0,0,0.005288779
3010501,0,0,0.072485164
3006078,0,0,0.006557334
3014787,0,0,0.0026524137
3002856,0,0,0.002047143
3008046,0,0,0.007906589
3004785,0,0,0.0060738884
3009777,0,0,0.00116376
3006913,0,0,0.012411733
3001196,0,0,0.021982847
3005668,0,0,0.026412554
3018280,0,0,0.020861197
3001949,0,0,0.051137652
2999637,0,0,0.0010863097
3012078,0,0,0.0031336797
2989670,0,0,0.0052219657
3009463,0,0,0.0077232644
3012952,0,0,0.020361632
2990281,0,0,0.0010209929
2997137,0,0,0.025948364
3017602,0,0,0.0030828244
2990901,0,0,0.0022434166
3000896,0,0,0.011012506
2989272,0,0,0.017022818
3003841,0,0,0.0034359577
3008876,0,0,0.0025014505
3017712,0,0,0.02238056
3012149,0,0,0.0045247683
2997065,0,0,0.013889788
2993738,0,0,0.009919625
3011858,0,0,0.02615223
2999520,0,0,0.0035068546
3000024,0,0,0.008013939
3018579,0,0,0.031013394
2988481,0,0,0.005019209
2998383,0,0,0.007346397
2990397,0,0,0.015493184
2997551,0,0,0.002312866
2997347,0,0,0.008336204
2994470,0,0,0.0015902097
3011108,0,0,0.017522613
2995330,0,0,0.008867419
3003570,0,0,0.06863213
2994409,0,0,0.015055451
3011339,0,0,0.0042578164
3017486,0,0,0.0059977425
2991644,0,0,0.0023762523
3000881,0,0,0.0154604325
2987100,0,0,0.01725217
2987381,0,0,0.009562045
2992341,0,0,0.004248051
3003982,0,0,0.0036749735
3012996,0,0,0.00065889803
2996219,0,0,0.005102768
2997708,0,0,0.009265356
3005559,0,0,0.0043225903
3014840,0,0,0.0068898727
2994977,0,0,0.012650612
2994730,0,0,0.0029063467
3014434,0,0,0.004545393
2999278,0,0,0.005012127
3008221,0,0,0.0066132937
2995059,0,0,0.0085863015
2989199,0,0,0.005918768
3009078,0,0,0.0067080497
3001981,0,0,0.02103419
3018335,0,0,0.010724179
3002125,0,0,0.011290527
2999071,0,0,0.0068592676
3009947,0,0,0.0018424637
3000478,0,0,0.0017038195
2987285,0,0,0.018408565
2997436,0,0,0.0033324996
2996477,0,0,0.0099459505
2990659,0,0,0.061349954
3018382,0,0,0.013184364
2992669,0,0,0.011877501
3008502,0,0,0.0040097907
3017171,0,0,0.0032586001
2992266,0,0,0.0028417758
2997648,0,0,0.03466404
3006775,0,0,0.0035849889
2988149,0,0,0.004904689
2992851,0,0,0.001985221
3016452,0,0,0.12010608
2992476,0,0,0.008550825
3014470,0,0,0.011008954
3009129,0,0,0.010395273
3000182,0,0,0.0073538106
2988380,0,0,0.007927607
2989506,0,0,0.0038666849
3015212,0,0,0.02620606
2993056,0,0,0.0023243332
3016231,0,0,0.008576655
2988875,0,0,0.0060596704
3016569,0,0,0.0062430757
2989324,0,0,0.008701326
3009310,0,0,0.0069276625
3000802,0,0,0.0639939
3004451,1,0,0.061799232
3007724,0,0,0.009763907
2989388,0,0,0.004959856
2998936,0,0,0.01378847
2996274,0,0,0.011095309
2992223,0,0,0.0018174086
2987781,1,1,0.8753767
3016477,0,0,0.0070408992
3012940,0,0,0.028327366
3006462,0,0,0.015276249
2995175,0,0,0.011218767
3018348,0,0,0.02784104
2998206,0,0,0.01384001
3018511,0,0,0.01727203
3016316,0,0,0.07977414
2990862,0,0,0.0043073236
3003269,0,0,0.0050684917
3015947,0,0,0.0026329297
3015941,0,0,0.0024637417
2988091,0,0,0.009134787
2994078,0,0,0.005926446
3006359,0,0,0.008773314
2987054,0,0,0.00745363
3009778,0,0,0.01166556
2994310,0,0,0.0071092844
3016691,0,0,0.0027280038
3008435,0,0,0.007348414
3011911,0,0,0.015293876
2995634,0,0,0.0017464685
2998246,0,0,0.006890682
3006280,0,0,0.015472258
3014800,0,0,0.01068386
3016006,0,0,0.029100733
2992907,0,0,0.0042239754
2995789,0,0,0.0052368315
2987792,0,0,0.0051103584
2991996,0,0,0.01810212
3018082,0,0,0.016617268
3015802,0,0,0.006496463
2991098,0,0,0.0023162244
2993316,0,0,0.019771015
2999108,0,0,0.0029401248
3014315,0,0,0.0030063547
3015706,0,0,0.015936626
2990621,0,0,0.0057625384
3014101,0,0,0.07534081
3005748,0,0,0.015229357
3010203,0,0,0.00969228
2999478,0,0,0.0026033747
3009248,0,0,0.03250082
2992093,0,0,0.007279264
2992447,0,0,0.001406217
3009069,0,0,0.0026191168
2988694,1,0,0.10990321
2989663,0,0,0.009847419
3007690,0,0,0.0010687526
3007153,0,0,0.002654464
3018592,0,0,0.0019416459
3013851,0,0,0.0058676605
3002718,0,0,0.008833479
3002716,0,0,0.0068022883
3010262,0,0,0.0010252862
3003942,0,0,0.0054620043
3016036,0,0,0.0044248896
2993097,0,0,0.020071011
2993636,0,0,0.006247574
2993905,0,0,0.0068513043
3002252,1,1,0.93014073
2987882,0,0,0.043137234
3002844,0,0,0.03368552
3008677,0,0,0.0032916744
3003132,0,0,0.012415165
3017594,0,0,0.005622622
3006378,0,0,0.011007314
3010889,0,0,0.0033229457
3007950,0,0,0.0029472918
2998225,0,0,0.022335665
2997169,0,0,0.029301602
3003361,0,0,0.0066986834
3011264,0,0,0.0057640434
2989023,0,0,0.005440929
3005867,0,0,0.0044207703
2987020,0,0,0.004703307
3009010,0,0,0.0057300674
2997429,0,0,0.0061634835
3006077,0,0,0.003276022
3018126,0,0,0.018973252
2995164,0,0,0.0050823945
3013194,0,0,0.0057336437
3007612,1,1,0.33323717
3003862,0,0,0.005529996
3017003,0,0,0.0039878683
2990772,0,0,0.01633871
3003812,1,1,0.9650685
3001130,0,0,0.007652581
3001515,0,0,0.0109062055
3008042,0,0,0.013410818
3018441,0,0,0.0049991244
3010651,0,0,0.0034103
3007487,0,0,0.024378423
2996758,0,0,0.005429216
2996819,0,0,0.057734337
3004420,0,0,0.0016474702
3017124,0,0,0.010479658
3016090,0,0,0.005482794
3005443,0,0,0.007433515
2989022,0,0,0.03001893
3013524,0,0,0.0007429155
3009898,0,0,0.0014122912
2993688,0,0,0.009218555
2993713,0,0,0.0027404767
3001659,0,0,0.019945601
3006274,0,0,0.0012163973
3017291,1,0,0.03062873
3004347,0,0,0.0016356707
2999771,0,0,0.0033407249
3009216,0,0,0.0022457787
3014094,0,0,0.0043590986
3009676,0,0,0.008511355
3016161,0,0,0.0081289485
3011308,0,0,0.0012424482
3015544,0,0,0.08229495
2998642,0,0,0.013625211
3002884,0,0,0.0071266163
3012989,0,0,0.01805583
2997086,0,0,0.0107216295
3004896,0,0,0.004991135
3015928,0,0,0.0052937735
3012630,0,0,0.0039886395
3013085,0,0,0.0026853317
2998472,0,0,0.0014211924
3003848,0,0,0.0076801544
2994935,0,0,0.008542949
2987184,0,0,0.05330893
3016464,0,0,0.0022222141
3004729,0,0,0.01808762
3011027,0,0,0.0043236576
3007088,0,0,0.015631905
3017096,0,0,0.0582018
2991246,0,0,0.0041687237
3010353,0,0,0.010276073
3017444,0,0,0.0126261255
3007022,0,0,0.011080057
2999105,0,0,0.0033694296
3001036,0,0,0.022689143
3011762,0,0,0.0027407892
3016642,0,0,0.019134643
3013602,0,0,0.006208599
3000170,1,0,0.09710659
3017830,0,0,0.0825752
3011372,0,0,0.012357062
2987289,0,0,0.01609628
3004858,1,1,0.32193768
2988107,0,0,0.005094172
2995998,0,0,0.008731857
2996588,0,0,0.0041058427
2990790,0,0,0.0047251903
3011916,0,0,0.013098636
3004494,0,0,0.004958089
2999416,0,0,0.009021154
3005361,0,0,0.06612086
2998556,0,0,0.0043620486
2996085,0,0,0.0076475274
3007563,0,0,0.019259376
3008520,0,0,0.0043697264
2994125,0,0,0.012631543
2993495,0,0,0.013953453
3014147,0,0,0.10136988
3006443,0,0,0.04539792
2987708,0,0,0.012007187
2988562,0,0,0.01214097
3000587,0,0,0.008085561
3001642,0,0,0.049357682
2995774,0,0,0.0040014335
2988371,0,0,0.012605752
2992671,0,0,0.0015920299
2988856,0,0,0.0035566064
3002301,0,0,0.0017311531
3004281,0,0,0.002231251
2999755,0,0,0.011138029
3003468,0,0,0.0027812715
3001438,0,0,0.009487962
2997197,0,0,0.0059763175
2992057,0,0,0.017268483
3001915,0,0,0.041672245
3001187,0,0,0.0051715076
3018200,0,0,0.015573585
3007555,0,0,0.0010491572
2994680,0,0,0.010109676
2988349,0,0,0.0030242617
3017909,0,0,0.023845194
3010284,0,0,0.0071063736
3012256,1,1,0.6241636
3006376,0,0,0.07927471
3008039,0,0,0.0049160984
3018646,0,0,0.095653534
3011149,0,0,0.0020761478
2996973,0,0,0.00971715
2997848,0,0,0.007523844
3004741,0,0,0.0028744147
3005315,1,1,0.3011403
2988862,0,0,0.0035456507
3009241,0,0,0.0037003008
3016038,0,0,0.0107690785
2993037,0,0,0.0054135327
3002052,0,0,0.0064498805
2998238,0,0,0.0112541765
3017488,0,0,0.0037944973
2996443,0,0,0.0051988196
2992039,0,0,0.06385226
3001117,0,0,0.0012080186
3002448,0,0,0.006725776
2998712,0,0,0.0020406311
2993610,0,0,0.004176433
2987029,0,0,0.008756797
3012386,0,0,0.002133711
3016067,0,0,0.002366922
3003318,0,0,0.005403978
3004524,0,0,0.034485184
3017405,0,0,0.0028748563
3008182,0,0,0.004304259
2993552,0,0,0.0054090545
2996015,0,0,0.0052156113
3016558,0,0,0.0017960764
3014220,0,0,0.011883686
2993796,0,0,0.036244374
3015663,0,0,0.0072606704
3015819,0,0,0.010180829
3003464,0,0,0.006885489
3010854,0,0,0.015462596
3018091,0,0,0.0024860662
3009896,0,0,0.007550592
2991756,0,0,0.011748093
2994320,0,0,0.00471652
2988058,0,0,0.0063670115
2991175,0,0,0.05184317
2992097,0,0,0.0043695807
2998209,0,0,0.003943316
3014420,0,0,0.008667193
3010884,0,0,0.007550292
3014036,0,0,0.0032086938
2987496,0,0,0.0012765287
3017896,0,0,0.006229408
3018778,0,0,0.009581031
3007388,0,0,0.006364053
2990918,0,0,0.0016984222
3012779,0,0,0.024628919
3007854,0,0,0.003417729
2991216,0,0,0.043555565
3016114,0,0,0.0052219904
3016390,0,0,0.0132387215
2999124,0,0,0.0056457054
3016983,0,0,0.025668804
3001004,0,0,0.008138781
3006772,1,1,0.87686485
3015688,0,0,0.0033072047
3011823,0,0,0.0022069497
2988206,0,0,0.045978922
2998247,0,0,0.019264402
2992241,0,0,0.006893198
2987818,0,0,0.0033804546
3018156,0,0,0.029400589
3014789,0,0,0.06068264
3006989,0,0,0.0016079373
3013337,0,0,0.007732834
2998961,0,0,0.009162486
3015124,0,0,0.017796077
3014779,0,0,0.0057731858
3000512,0,0,0.002298102
2988901,0,0,0.005948593
3015678,0,0,0.012620736
2994175,0,0,0.008509987
2989322,0,0,0.0027606373
3006817,0,0,0.009535555
2988818,0,0,0.12811962
3005693,0,0,0.027212229
2999929,0,0,0.0029505838
3008992,0,0,0.0034339975
3012563,0,0,0.006393281
2987275,0,0,0.0021121358
3006086,0,0,0.0055601904
3014413,0,0,0.0040031346
3007694,0,0,0.0025758003
3008112,0,0,0.012530108
3015115,0,0,0.031806882
2990022,0,0,0.02327673
2995943,0,0,0.004889643
2992706,0,0,0.019165827
2999163,0,0,0.0018460776
3000310,0,0,0.0015233047
2996985,0,0,0.005813523
3008933,0,0,0.0034448055
3017103,0,0,0.014264832
3013287,0,0,0.001439572
2995005,0,0,0.0050163497
3000192,0,0,0.003404178
3009188,1,0,0.077902116
3016310,0,0,0.0044173803
3001381,0,0,0.0042087557
2996310,0,0,0.0013694708
2989783,0,0,0.0027968292
3002464,0,0,0.0071813576
3011951,0,0,0.009845388
3012350,0,0,0.00487641
3004876,0,0,0.0018872315
2989447,0,0,0.0034093326
2992246,0,0,0.0062658456
2999601,0,0,0.0036975632
2987822,0,0,0.0031837092
3013160,0,0,0.0026027383
3013722,0,0,0.0021960365
3012358,0,0,0.004440341
2987729,0,0,0.006184265
2997923,0,0,0.0016867764
3004908,0,0,0.0044530192
2997360,0,0,0.003041215
2988139,0,0,0.0009563358
2988910,0,0,0.012127497
2993536,0,0,0.017084526
2999651,0,0,0.0024561782
2998424,0,0,0.012912557
2999341,0,0,0.012149099
2992750,0,0,0.07769867
3015739,0,0,0.0010268477
3002481,0,0,0.0019406705
3016737,0,0,0.0027114036
3018612,0,0,0.0418102
2989065,0,0,0.0033769319
2995223,0,0,0.007104439
3010636,0,0,0.0094977
3001407,0,0,0.022972478
2989278,0,0,0.011877496
3017083,0,0,0.0020264322
2997009,0,0,0.0075904336
2996777,0,0,0.014839476
3007887,0,0,0.0035908378
3015162,0,0,0.0166605
3004398,0,0,0.0019036861
2999578,0,0,0.0008153606
2995488,1,0,0.0046947324
3013138,0,0,0.00592005
3010126,0,0,0.015792683
3005550,0,0,0.0019072227
2988710,0,0,0.011632264
3005931,0,0,0.009736642
2999349,0,0,0.010304078
3003582,0,0,0.0068151085
3015982,0,0,0.006613867
3007175,1,1,0.97094584
2999776,0,0,0.0034877206
3000564,0,0,0.0020826159
3007031,1,1,0.3644425
2990053,0,0,0.0044303187
3006208,0,0,0.0102812005
3011420,0,0,0.007880937
2998812,1,1,0.4226654
3014417,0,0,0.0011892539
3012045,0,0,0.0020331193
3015600,0,0,0.0028573924
3013025,0,0,0.059989642
3007578,0,0,0.006881554
2994731,0,0,0.005210989
2992029,1,0,0.019013701
2998207,0,0,0.015205113
2999833,0,0,0.0011206324
3004147,0,0,0.028178735
2992743,0,0,0.003006559
2993407,1,1,0.67303133
2997474,0,0,0.004743689
3011709,0,0,0.0030656008
2996720,0,0,0.009591009
2991415,0,0,0.0035397206
3017301,1,1,0.3821298
3003303,0,0,0.00460222
3009621,0,0,0.0020658348
2999979,0,0,0.0046174047
3002038,0,0,0.0067406017
3002017,0,0,0.006013874
2991736,0,0,0.013596634
3011041,0,0,0.007039119
2991355,0,0,0.015053832
3010244,0,0,0.0019631474
3013633,0,0,0.004208562
3006238,0,0,0.0027007808
3000357,0,0,0.013659796
3004608,0,0,0.0035751467
3005897,0,0,0.010014204
2990477,0,0,0.0271576
2998020,0,0,0.02209558
2997122,0,0,0.0051849443
3018731,0,0,0.006854686
2999564,0,0,0.01114888
3014004,0,0,0.0033180316
3011428,0,0,0.027716218
2996163,0,0,0.016956044
2990439,0,0,0.0026992129
2997460,0,0,0.0022121135
3018700,0,0,0.0032003166
3006615,0,0,0.00055389066
3000221,0,0,0.0036422664
2994516,0,0,0.01094082
2992514,0,0,0.003656598
2999363,0,0,0.0019853106
2991502,0,0,0.03367631
2998608,0,0,0.007356481
2988953,0,0,0.0034127578
3006219,0,0,0.0074218083
3014838,0,0,0.0041818665
2989415,0,0,0.009414893
2991135,0,0,0.0037428115
3008935,0,0,0.002492633
2997399,0,0,0.004905827
2998314,0,0,0.008781844
3001028,0,0,0.011291906
2997682,0,0,0.009515608
2987842,0,0,0.008257641
3010592,0,0,0.008324402
3003104,0,0,0.010481536
3003304,0,0,0.008621398
3006053,0,0,0.027374178
3012351,0,0,0.003372528
3006700,0,0,0.053824052
3007943,0,0,0.089820035
3012245,0,0,0.005347056
2995483,0,0,0.008207434
2998786,0,0,0.0055676647
2996199,0,0,0.0205785
2989849,0,0,0.004160485
3016894,0,0,0.015460053
3002424,0,0,0.0036414308
3015946,0,0,0.008224433
3018457,0,0,0.0051950924
3012305,0,0,0.0011935072
3017451,0,0,0.0035655182
3012166,0,0,0.014075024
2989158,0,0,0.0046620085
2993612,0,0,0.004672027
2992699,0,0,0.0030762514
2991086,0,0,0.009037141
2996868,0,0,0.0026941062
2990190,0,0,0.01903679
3001784,0,0,0.08390371
3014446,0,0,0.0041432697
3005236,0,0,0.0038138996
3004636,0,0,0.008724196
3009871,0,0,0.021942815
2990811,0,0,0.023144385
3002084,0,0,0.0017371237
3003746,0,0,0.001935121
3010121,0,0,0.2101992
2995712,0,0,0.01978809
2994102,0,0,0.03650572
2992077,0,0,0.0033295946
3003482,0,0,0.012584226
3012424,0,0,0.011340037
3017963,0,0,0.004443
3016194,0,0,0.0038439129
3016724,0,0,0.028000854
2990231,0,0,0.010228515
2994243,0,0,0.018510886
2992381,1,1,0.67007893
3016585,0,0,0.006179959
3006097,0,0,0.061816223
2996522,0,0,0.15553029
3004885,0,0,0.0056868265
3015297,0,0,0.0028016237
3007692,0,0,0.003196478
3018158,0,0,0.002014138
2987425,0,0,0.0021628684
3007112,0,0,0.0064066984
3018711,0,0,0.009716948
3005360,0,0,0.030760027
2994232,0,0,0.010990995
3014954,0,0,0.00079297845
3006835,0,0,0.003158084
3014508,1,1,0.73762435
3016148,0,0,0.0021064258
3003118,0,0,0.025182342
2997751,0,0,0.014379768
3014637,0,0,0.010130215
2987922,0,0,0.005781321
2990085,0,0,0.012384974
2996822,0,0,0.086461715
3001441,0,0,0.013522852
3015026,0,0,0.12111034
3006983,0,0,0.007348063
3008047,1,0,0.006857095
3010923,0,0,0.005459215
3008384,0,0,0.015210762
2994661,0,0,0.01879914
2993009,0,0,0.0074814023
3018293,0,0,0.010153341
2997932,0,0,0.0023940792
2993745,0,0,0.0039148033
2991821,0,0,0.0066931173
3000963,0,0,0.0025831196
3017722,0,0,0.0026397188
3013446,0,0,0.012363698
3015396,0,0,0.0041963337
2988740,0,0,0.006989199
2997087,0,0,0.025430186
3004794,0,0,0.014374158
3008336,0,0,0.16096191
3018258,0,0,0.046656594
3016229,0,0,0.0047005466
3016846,0,0,0.013627885
3005735,0,0,0.025174372
3010589,0,0,0.011934546
3011832,0,0,0.0027523362
3017081,0,0,0.038479764
3013836,0,0,0.0032675394
2988014,0,0,0.010103131
2994235,0,0,0.0009323277
3002093,0,0,0.0027272073
3018362,0,0,0.0057212343
3003987,0,0,0.015330593
2998057,0,0,0.005438468
2998033,0,0,0.0064489306
2991056,0,0,0.0041881343
3006128,0,0,0.009487954
3005138,0,0,0.005065823
2991466,0,0,0.006076747
2989220,0,0,0.0019268015
3014698,0,0,0.006005671
2988715,0,0,0.0022290885
2988492,0,0,0.009724751
3003373,0,0,0.0013227768
3011080,0,0,0.003060689
3013141,0,0,0.00401084
3001063,0,0,0.0109420745
3001245,0,0,0.008493154
2990015,1,1,0.42287225
3012115,0,0,0.11952232
2996372,0,0,0.0058368966
3000905,0,0,0.046711016
2999336,0,0,0.0026239604
3015468,0,0,0.0037152593
3000339,0,0,0.005965913
3011824,0,0,0.004205753
3014105,0,0,0.0083216
2987610,0,0,0.0069616884
3004441,0,0,0.0022874756
2989316,0,1,0.3154676
3016826,0,0,0.0024890609
3008248,0,0,0.014362599
2991804,0,0,0.002689333
2990413,0,0,0.0056491736
2991512,0,0,0.0059849126
2993852,0,0,0.019393329
2997748,0,0,0.009314513
2990595,0,0,0.056507446
2993522,0,0,0.0031640024
2993671,0,0,0.0044436436
3015977,0,0,0.10156502
3016638,0,0,0.1214547
2996553,0,0,0.008940185
2999534,0,0,0.005165508
2993143,0,0,0.00203163
3010245,0,0,0.009100366
3012531,0,0,0.03129133
2991864,0,0,0.003757605
3009644,0,0,0.015911415
2994338,0,0,0.0019344342
3005569,0,0,0.007498364
2996166,0,0,0.004125737
3007749,0,0,0.00777381
3000348,0,0,0.0225702
2988734,0,0,0.0025014612
3012715,0,0,0.005738843
3013342,0,0,0.00795623
2990404,0,0,0.00868951
3015348,0,0,0.005607738
2997685,0,0,0.009982863
3004561,0,0,0.004611601
2989286,0,0,0.0023904343
3000241,0,0,0.0034932934
3017373,0,0,0.04375535
3008193,1,0,0.008004619
3012567,0,0,0.0025830297
3009870,0,0,0.009302363
3014436,0,0,0.012237846
2996467,0,0,0.0040795696
3009781,0,0,0.0019889532
3007617,0,0,0.0016716508
2997081,0,0,0.0059868162
3015427,0,0,0.002991078
3013036,1,1,0.87479043
3000278,0,0,0.0036524138
2987459,0,0,0.0016569803
3011349,0,0,0.004037393
3012472,0,0,0.002033044
3016734,0,0,0.023488095
3015016,0,0,0.0031613656
3012793,0,0,0.02006561
3014072,0,0,0.007124086
2999961,0,0,0.0077044535
3016258,0,0,0.020381965
3010483,0,0,0.18329431
2995718,0,0,0.002061045
3017741,1,1,0.94558126
2987487,0,0,0.005908251
3006674,1,1,0.76369935
2987507,0,0,0.013585601
3012862,0,0,0.005591229
2995903,0,0,0.007329464
2997677,0,0,0.005163908
3003954,0,0,0.0013484797
2989335,0,0,0.007479041
2996807,0,0,0.021328595
3011413,0,0,0.01077693
3013402,0,0,0.042222697
2993071,0,0,0.03143034
3011003,0,0,0.0016859141
3016598,0,0,0.021070957
3015626,0,0,0.01849117
2996708,0,0,0.0062411204
3015793,0,0,0.0013590571
3013061,0,0,0.0061141145
3003282,0,0,0.009798235
3013932,0,0,0.024178596
3009101,0,0,0.015265385
3011296,0,0,0.0043217055
3018518,0,0,0.017174399
2995268,0,0,0.005930951
3015418,0,0,0.0051662577
3013951,0,0,0.016879141
3017339,0,0,0.0012590758
3018296,0,1,0.62090784
3002834,0,0,0.004061086
2990612,0,0,0.003162228
2999513,0,0,0.007820872
3002964,0,0,0.0023546608
3007424,0,0,0.0008360552
2991444,0,0,0.006667159
2994360,0,0,0.0071915747
2994992,0,0,0.0023789972
3002035,0,0,0.006572264
3011893,0,0,0.0023318445
3012517,0,0,0.013365419
2995641,0,0,0.0118293855
3004384,0,0,0.03577513
3005949,0,0,0.002147041
2987728,0,0,0.011676677
2994663,1,1,0.403319
2989751,0,0,0.0071087023
3011997,0,0,0.0035082528
3005107,0,0,0.0043709087
3011631,0,0,0.0041780914
2993469,0,0,0.008017419
3004174,0,0,0.0041684546
3008692,0,0,0.022274401
3003856,0,0,0.0124644535
3006768,0,0,0.0049011293
3016899,0,0,0.008435634
2991940,0,0,0.0039135856
2997167,0,0,0.050943255
2999868,0,0,0.0012167877
2990478,0,0,0.0048919986
2993997,0,0,0.011958146
2993934,0,0,0.010731821
3016473,0,0,0.0073138825
3017094,0,0,0.012580394
2995098,0,0,0.014722816
2989359,0,0,0.0041755666
2999543,0,0,0.016146667
3009718,0,0,0.0031438386
3016108,0,0,0.001670553
3006521,0,0,0.048259668
3007400,0,0,0.0036196175
2994293,0,0,0.015955925
3000023,0,0,0.0022534581
2998529,0,0,0.007650872
2995889,0,0,0.010757
3000826,0,0,0.0012902343
3013254,0,0,0.0048959856
2988735,0,0,0.005097557
3000205,0,0,0.010352855
2992245,0,0,0.0055953003
2999914,0,0,0.0076364013
3015105,0,0,0.006658159
2989281,0,0,0.0032946498
2993920,0,0,0.04544213
3007194,0,0,0.0007816506
2995091,0,0,0.004099855
3009568,0,0,0.007191602
2988258,0,0,0.01112281
3006389,0,0,0.0036925564
2990726,0,0,0.041937497
2987987,0,0,0.03295963
2995340,0,0,0.012308349
2999133,0,0,0.011070009
2997664,0,0,0.0052668946
3001057,0,0,0.0057713445
3010364,0,0,0.011904103
3000867,0,0,0.00392138
3003898,0,0,0.017101044
3002666,0,0,0.0027546315
2998707,0,0,0.06083756
3011791,0,0,0.0010276694
3012828,0,0,0.008990573
2988298,0,0,0.030617561
3007139,0,0,0.0012118939
3006057,0,0,0.0038789636
2995458,0,0,0.0019344056
2987178,0,0,0.026835725
3008254,0,0,0.05500628
3012212,0,0,0.0030639323
3012113,0,0,0.007810474
3006673,0,0,0.0030770062
3005014,0,0,0.0054940167
2997111,0,0,0.01102895
3016031,0,0,0.0018385559
3012365,0,0,0.0041752057
2995886,0,0,0.0058681723
2995939,0,0,0.0039781923
2995800,0,0,0.0043524588
3015063,0,0,0.0021973252
2992323,0,0,0.005006694
3000529,0,0,0.0020957962
3014016,0,0,0.010712227
2989377,0,0,0.00954399
3007740,0,0,0.0038861502
2988760,0,0,0.021734
3002897,0,0,0.03199674
3015640,0,0,0.008414624
3003338,0,0,0.086970545
3015858,0,0,0.0032236793
3002181,0,0,0.024023475
3010251,0,0,0.0038337633
3018115,0,0,0.032358542
3016512,0,0,0.020035258
3008738,0,0,0.0064774402
2995711,1,1,0.98706925
3003868,0,0,0.009973217
3008600,0,0,0.010586049
3008751,0,0,0.0034493036
2999718,0,0,0.014557686
3011017,0,0,0.0018808463
3000702,0,0,0.006844309
2991486,0,0,0.0048344336
2990485,0,0,0.021215292
2996592,0,0,0.0704144
3016457,0,0,0.0038946227
3005335,0,0,0.021732636
2996680,0,0,0.0060588657
3013566,0,0,0.00219024
2994507,0,0,0.007427041
3009379,0,0,0.0032043594
3008057,0,0,0.018881101
3008411,0,0,0.0033195096
3003945,0,0,0.015749635
2991626,0,0,0.0041994075
3006157,0,0,0.0040428056
3008340,0,0,0.0016291226
2999887,0,0,0.0025107744
3005436,0,0,0.12984079
2999539,0,0,0.0016217715
2993183,0,0,0.0012158592
2996260,0,0,0.007520416
2991222,0,0,0.0051173843
3017211,0,0,0.0008925412
3003457,0,0,0.0071402024
2987217,0,0,0.009537311
3004976,0,0,0.00090409827
2989201,0,0,0.29818037
2997189,0,0,0.0042856555
2997134,0,0,0.032667316
2997127,0,0,0.011462592
3011813,0,0,0.0025077548
3018098,0,0,0.02313139
2990062,0,0,0.0029192704
2988523,0,0,0.0013375647
3017201,0,0,0.0037788458
3008996,0,0,0.005522402
3000138,0,0,0.0070739626
3001792,1,1,0.7399359
2996668,0,0,0.0071855444
3007086,0,0,0.026288964
3010811,0,0,0.002369635
2989196,0,0,0.0026067114
2997287,0,0,0.0077864802
2990641,0,0,0.01340057
3013099,0,0,0.012395746
3000993,0,0,0.04348987
3014206,0,0,0.0017387567
2992690,0,0,0.013587166
2996825,0,0,0.053522494
3017531,0,0,0.029259128
3018523,0,0,0.03944053
2995571,0,0,0.0033707395
2995638,0,0,0.04207997
3008730,0,0,0.016605018
2988495,0,0,0.020475276
2997867,0,0,0.0013730536
2989438,0,0,0.013558362
2995799,0,0,0.0069128606
2992579,0,0,0.0041701514
2988971,0,0,0.004426564
3014955,0,0,0.11723774
3005486,0,0,0.0014477685
2987124,0,0,0.0021636877
3009639,0,0,0.0059072175
2999271,0,0,0.0047407835
2999817,1,1,0.67864573
2997497,0,0,0.009385197
3012196,0,0,0.051932156
3007536,0,0,0.053527582
2987151,0,0,0.0028385927
2991530,0,0,0.009635459
3001640,0,0,0.009558307
2992972,0,0,0.0012996397
3001628,0,0,0.0014800922
3007344,0,0,0.0032632686
3011948,0,0,0.0044623003
3018140,0,0,0.0009911116
3001974,0,0,0.008623168
2995842,0,0,0.0053969235
3001553,0,0,0.124720365
3009306,0,0,0.003792645
3010498,0,0,0.0037620845
3006043,0,0,0.00509129
3018396,0,0,0.10520934
3008438,0,0,0.004986709
3003540,0,0,0.0017288711
2989146,0,0,0.0061398554
2998151,0,0,0.019828025
3009987,0,0,0.008356762
2990945,0,0,0.021337539
3012911,0,0,0.004811346
2995630,0,0,0.0020099557
2988516,0,0,0.008579303
3006634,0,0,0.0040476625
2990947,0,0,0.004268115
3013997,0,0,0.045956172
2989225,0,0,0.011496243
2999518,0,0,0.014605311
3013788,0,0,0.018248843
2992286,0,0,0.007542432
3015279,0,0,0.0007880211
3017700,0,0,0.0026724646
2999486,0,0,0.002471673
2991941,0,0,0.003963938
3017702,0,0,0.011250187
3008556,0,0,0.001555199
3013689,0,0,0.017191567
3008059,0,0,0.010579404
2994206,0,1,0.3183066
2988047,0,0,0.028088994
2990233,0,0,0.010407288
2997532,0,0,0.008797144
2993828,1,1,0.5403607
3013120,0,0,0.0011109959
2994989,0,0,0.0063265865
2994227,0,0,0.0023328552
3018729,0,0,0.0027934732
3018241,0,0,0.019539002
2994717,0,0,0.0010978669
3010314,0,0,0.0048008044
3009298,0,0,0.003617235
2994746,0,0,0.01193192
3005350,0,0,0.042987064
2995358,0,0,0.009754737
3009428,0,0,0.011730706
3013783,0,0,0.0033267
3010198,0,0,0.011935845
3004991,0,0,0.0039218026
2991043,0,0,0.004322171
2992293,0,0,0.003966627
3013180,0,0,0.010699227
2999879,0,0,0.0054732235
2998388,0,0,0.012377459
3012742,0,0,0.008812209
3004945,0,0,0.0014005869
3001626,0,0,0.0069486466
2987629,0,0,0.007221843
3000578,0,0,0.007279881
2996598,0,0,0.004608157
3018426,0,1,0.30122843
3002224,0,0,0.00231881
3008342,0,0,0.0057663256
3011347,0,0,0.034328666
3003390,0,0,0.005954977
2993982,0,0,0.006195077
3018753,0,0,0.0038904333
2990690,0,0,0.0016231379
3000561,0,0,0.009019363
3000089,0,0,0.004501003
3002095,0,0,0.021444984
2987076,0,0,0.0026156201
2993730,0,0,0.004449478
3003793,0,0,0.007195491
2998857,0,0,0.0031771152
3004803,0,0,0.084740065
3012999,0,0,0.018429052
2997309,0,0,0.02796791
3010370,0,0,0.0019558875
2996753,0,0,0.007384323
3001070,0,0,0.016187275
2989231,0,0,0.0014175113
3018317,0,0,0.007807954
3012922,0,0,0.031020485
2994550,0,0,0.02678699
3006914,0,0,0.05250201
3005154,0,0,0.013093656
2995991,0,0,0.0024997068
2987113,0,0,0.0061012995
3001050,0,0,0.0013924947
3012667,0,0,0.0015081113
3017689,1,0,0.29386604
3014073,0,0,0.008742426
2990101,0,0,0.13187048
2987386,0,0,0.028165972
2991310,0,0,0.052868623
2988127,0,0,0.010595913
2998522,0,0,0.0038950413
3012719,0,0,0.0020717366
3000739,0,0,0.0021010023
2998332,0,0,0.025220703
3000184,0,0,0.035632692
3007588,0,0,0.010368117
3011921,0,0,0.0058859717
3018275,0,0,0.00689091
3016865,0,0,0.010731026
3007156,0,0,0.012408373
3018360,0,0,0.007998267
2990522,0,0,0.0044584554
3012755,0,0,0.09934588
3000525,0,0,0.0062170518
3003537,0,0,0.045516588
2996779,0,0,0.067481935
2999005,0,0,0.0048935004
2998261,0,0,0.001973684
3000690,0,0,0.0040379474
3001156,0,0,0.009497755
3009539,0,0,0.0077902973
3002865,0,0,0.0035746475
2993857,0,0,0.012953573
3005207,0,0,0.017679675
2990967,0,0,0.002781495
3011422,0,0,0.0027499213
3002812,0,0,0.0077744056
3001617,0,0,0.0022258847
3001663,0,0,0.011095257
3003469,0,0,0.01908755
2990091,0,0,0.005985134
3012747,0,0,0.0059911623
3008787,0,0,0.006068499
3004631,0,0,0.009933839
3018723,0,0,0.00873957
3007933,0,0,0.007898808
3015157,0,0,0.010557689
3018733,0,0,0.03925315
3004759,0,0,0.0050305184
3013371,0,0,0.01617534
3002737,0,0,0.0036291836
3010736,0,0,0.01763065
2988548,0,0,0.004318713
2987739,0,0,0.10015284
3002992,0,0,0.011950948
3009153,0,0,0.006238205
2998048,0,0,0.001892506
2998887,0,0,0.007960473
3005723,0,0,0.020674605
2989317,0,0,0.0021960982
2998663,0,0,0.011501376
3014406,0,0,0.020151617
3015787,0,0,0.0031479225
2995297,0,0,0.013856434
3002175,0,0,0.0029361562
2999671,0,0,0.0012579947
2992535,0,0,0.0065207356
3011620,0,0,0.0025707348
3003438,0,0,0.0019833567
3003908,0,0,0.124724105
3005882,0,0,0.0028894423
3000507,0,0,0.053723134
3005908,0,0,0.00271286
3007783,0,0,0.081702165
2993064,0,0,0.02001305
3018366,0,0,0.00956023
3015503,0,0,0.003890378
2995286,0,0,0.08597211
2993919,0,0,0.013085575
3010775,0,0,0.0017992997
3004253,0,0,0.032850146
3005085,0,0,0.011535548
2998175,0,0,0.016248975
3007177,0,0,0.004614044
2990745,0,0,0.0072091906
3000319,0,0,0.005647189
3006788,0,0,0.0025606176
2999775,0,0,0.042373877
3010878,0,0,0.010230601
2991926,0,0,0.032523293
3014038,0,0,0.0015366019
3015388,0,0,0.0066869417
3003530,0,0,0.0029525005
3006757,0,0,0.025412418
2992583,0,0,0.0032584562
3016069,0,0,0.0034827904
3013012,0,0,0.023937529
3013285,0,0,0.0052572326
3004110,0,0,0.003781748
3002678,0,0,0.0046165963
3004464,0,0,0.001357411
2990835,0,0,0.03503144
3007007,0,0,0.008368194
3007942,0,0,0.023089388
2996498,0,0,0.0041611334
2992475,0,0,0.016958412
2989723,0,0,0.009134718
3007063,0,0,0.009247711
2990774,0,0,0.0019511916
3008187,0,0,0.0063307933
3005492,0,0,0.005477822
2992221,0,0,0.0010163268
2999928,0,0,0.0055723316
3000460,0,0,0.0063116695
3003086,0,0,0.0020972188
3000304,0,0,0.13122194
3013925,0,0,0.0023538093
2990898,0,0,0.0018308625
2988223,0,0,0.018726863
3017845,0,0,0.0055350936
3000036,0,0,0.005741532
2996423,0,0,0.004207223
2993048,0,0,0.0035366288
2991846,0,0,0.0033350727
2988231,0,0,0.0011962166
2987717,0,0,0.0033585457
2995880,0,0,0.004334123
2996062,0,0,0.020546382
3005214,0,0,0.0025704426
2989916,0,0,0.002861357
3000994,0,0,0.0025729781
3017918,0,0,0.021374542
3016540,0,0,0.0146647915
3011096,0,0,0.004152661
2996765,0,0,0.015476676
2997231,0,0,0.008129375
2998134,0,0,0.008534706
2993616,0,0,0.034327727
3017376,0,0,0.0045935214
3015431,0,0,0.006243655
2993757,0,0,0.025865689
3016354,0,0,0.0056028906
2994231,0,0,0.11709143
3004137,0,0,0.0029521892
2993524,0,0,0.010428593
2995854,0,0,0.003607293
3015160,0,0,0.002107972
2991931,0,0,0.02811295
2990731,0,0,0.020412404
3007414,0,0,0.04702339
3002983,0,0,0.0021775735
2997486,0,0,0.006012349
3003995,0,0,0.0035482799
3002896,0,0,0.020220129
3017394,0,0,0.015623044
2990391,0,0,0.0070933714
3010015,0,0,0.007201949
2989686,0,0,0.0062648957
3007283,0,0,0.0033681246
3006560,0,0,0.010169763
2987078,0,0,0.010759065
3009585,0,0,0.0054040337
3000552,0,0,0.0077052373
3002020,0,0,0.0176164
2993460,0,0,0.0037429533
3014143,1,1,0.45862624
2994001,0,0,0.007886196
2987994,0,0,0.0074166497
2994429,0,0,0.0023115582
3010782,0,0,0.020008728
2991028,0,0,0.061169464
2994101,0,0,0.007554942
3010916,0,0,0.05614526
3008223,0,0,0.013198877
3005762,0,0,0.0023561253
3014205,0,0,0.0047056694
2991125,0,0,0.027697783
3011026,0,0,0.003878853
3016483,0,0,0.25220472
2999677,0,0,0.002608492
3017011,0,0,0.0044394727
3003446,0,0,0.0039116526
2994704,0,0,0.0067695263
3007577,0,0,0.0063551646
3011359,0,0,0.0043042754
2995359,0,0,0.015355707
3014500,0,0,0.0032225838
3010449,0,0,0.23496917
3014989,0,0,0.02232516
3011036,0,0,0.009390457
2991624,0,0,0.004410982
3004327,0,0,0.009087162
2995556,0,0,0.013417336
3004311,0,0,0.0038107177
2999557,0,0,0.012354694
3006151,0,0,0.0069302223
2994372,0,0,0.0024790824
2988377,0,0,0.0050133993
3012298,0,0,0.007011045
2987094,0,0,0.016690845
3016362,0,0,0.006641962
3002697,0,0,0.0010894575
3007506,0,0,0.013108718
2988252,0,0,0.004822778
2989724,0,0,0.007721
2993542,0,0,0.034110423
3010591,0,0,0.002541713
2999085,0,0,0.0035306248
2994350,0,0,0.0028638684
2995399,0,0,0.0065289447
3007775,0,0,0.0047788336
3013345,0,0,0.0071229897
2993936,0,0,0.04011422
3014621,0,0,0.057734452
2991849,1,0,0.044925638
2995857,0,0,0.0102806855
3017736,0,0,0.012767251
3000877,0,0,0.008953516
2992588,0,0,0.0045309714
3009917,0,0,0.0042702677
2988719,0,0,0.0039102
3005496,0,0,0.0032927948
3000228,1,0,0.15735571
3003434,1,0,0.00210801
3015229,0,0,0.1841802
3017262,0,0,0.0069998438
2988900,0,0,0.0102972295
2996203,0,0,0.025593847
2989498,0,0,0.023650208
3003882,0,0,0.0034681978
3015168,0,0,0.023123324
3004933,0,0,0.024645122
3004469,0,0,0.013415461
3005900,0,0,0.0027362106
3002585,0,0,0.0059873867
3016251,0,0,0.014984166
2998827,0,0,0.0058684004
2995173,0,0,0.01633474
2988442,0,0,0.0033772318
2999146,0,0,0.034572396
3006609,0,0,0.0063522835
2987820,0,0,0.034298178
3001396,0,0,0.01303788
2993629,0,0,0.0113835335
2995295,0,0,0.0068144477
3012929,0,0,0.018521609
3000093,0,0,0.0023325956
2989766,0,0,0.005729076
3007023,0,0,0.015745731
3015539,0,0,0.0019290395
2992602,0,0,0.009354521
2995759,0,0,0.0048130886
2999581,0,0,0.074934654
2995844,0,0,0.0023131699
3012082,0,0,0.0027976006
2988752,0,0,0.006197094
2996011,0,0,0.011108249
3001304,0,0,0.008206324
3003325,0,0,0.004389443
2998939,0,0,0.0063887597
3015292,0,0,0.029412415
2995135,0,0,0.019309498
2999235,0,0,0.03564029
3004867,0,0,0.011404949
3010516,0,0,0.0022745521
3012325,0,0,0.0062136175
2999708,0,0,0.00625039
3000632,0,0,0.0064577907
3005703,0,0,0.014649056
3010787,0,0,0.011837437
2996978,0,0,0.0043982873
3000612,0,0,0.017531818
2998589,0,0,0.0012848764
2991264,0,0,0.0060629477
3010029,0,0,0.005847424
2997689,0,0,0.0019054362
2994199,0,0,0.013626955
3004402,0,0,0.0051308996
3000402,0,0,0.0042501087
3000130,0,0,0.0032605056
3013416,0,0,0.012635444
3012454,0,0,0.016322663
3017406,0,0,0.0047964053
3018318,0,0,0.06268398
3014966,0,0,0.0024062835
3010729,0,0,0.03080499
3004015,0,0,0.011449713
3007603,0,0,0.0044571115
2994014,0,0,0.0087383725
3011414,0,0,0.0032501179
3014725,0,0,0.00085711223
2988617,0,0,0.040710576
3015123,0,0,0.0026794754
2987310,0,0,0.00520667
3004025,0,0,0.007861607
2997161,0,0,0.025332667
2987795,0,0,0.01585042
3005131,0,0,0.0029123512
2996168,0,0,0.0076780575
2994249,0,0,0.004399624
3003293,0,0,0.029780285
3014929,0,0,0.005752016
2990218,0,0,0.008413559
3015508,0,0,0.0028328716
2995923,0,0,0.027086493
2991876,0,0,0.037477653
3015525,0,0,0.006402741
3014127,0,0,0.010206375
3017520,0,0,0.008616908
3011638,0,0,0.0136199705
3007302,0,0,0.03285112
3015589,0,0,0.002238756
3014945,0,0,0.0037475456
2990385,0,0,0.00626134
2989856,0,0,0.011440843
3007046,0,0,0.0055674477
3011285,0,0,0.009334233
2991727,0,0,0.014799397
3010043,0,0,0.010036409
3009690,0,0,0.0028084018
2998321,0,0,0.001591523
3000335,0,0,0.0076000844
2995668,0,0,0.003874375
3009544,0,0,0.003290609
3003141,0,0,0.04151887
2988431,0,0,0.0062222746
2992123,0,0,0.005035982
2988690,0,0,0.0034475927
2996865,0,0,0.018210981
3001115,0,0,0.021124009
3012119,0,0,0.006130946
3017415,0,0,0.024784252
2999921,0,0,0.014019912
3013227,0,0,0.043670464
3012854,0,0,0.0069392817
3016056,0,0,0.020783043
3009182,0,0,0.0070572733
2994916,0,0,0.0024593533
2998655,0,0,0.008059891
3015812,0,0,0.009672966
3008601,0,0,0.0034945768
3011559,0,0,0.0069830394
2996937,0,0,0.005725044
3013507,0,0,0.012400609
3014700,1,1,0.88331544
2989114,0,0,0.004360819
3008806,0,0,0.047647394
2991324,0,0,0.0038629523
2988934,0,0,0.008950352
3006163,0,0,0.004190649
2996917,0,0,0.0022677882
3014502,0,0,0.048217207
3017698,0,0,0.00476148
3015760,0,0,0.016716816
3000831,0,0,0.0055623734
3010188,0,0,0.005825668
3018676,0,0,0.0016662918
2993024,0,0,0.0019030563
2996827,0,0,0.004064818
3003313,0,0,0.023770401
2991796,0,0,0.002958063
3005531,0,0,0.0037095414
2994589,0,0,0.003877816
3010796,0,0,0.0019538566
2987732,0,0,0.0023579136
3000841,0,0,0.0016662324
2999220,0,0,0.01185741
3005283,0,0,0.0048969314
2987499,0,0,0.006625986
2997584,0,0,0.008462139
3001363,0,0,0.002406446
3008205,0,0,0.0038391012
3002942,0,0,0.017401768
3007859,0,0,0.0052769645
2999151,0,0,0.0095346365
3013209,0,0,0.0019079836
3015586,0,0,0.012932866
2996207,0,0,0.0037380334
3008709,0,0,0.006264741
2998183,0,0,0.0020005866
3011118,0,0,0.0011018242
3007799,0,0,0.004470294
3006982,0,0,0.0059891096
2988200,0,0,0.0011046082
3012440,0,0,0.005245724
3011083,0,0,0.039751455
3016210,0,0,0.004706737
2996444,0,0,0.001811484
3010308,0,0,0.007989899
3009540,0,0,0.002982103
2989060,0,0,0.0021588893
3009848,0,0,0.019729897
2997478,0,0,0.00463679
3007842,0,0,0.008760998
2987453,0,0,0.0020260245
3016283,0,0,0.014338169
2999661,0,0,0.014021407
3011837,0,0,0.0076988554
3016797,0,0,0.044489503
2992931,0,0,0.0019522997
3003380,0,0,0.001322011
2995123,1,1,0.39683312
2993015,0,0,0.0032965732
3010906,0,0,0.0036712515
3004716,0,0,0.0019486675
3014366,0,0,0.0030223543
3005969,0,0,0.009373758
2991111,0,0,0.003853683
3015677,0,0,0.010279652
3005722,0,0,0.0029989746
2997969,0,0,0.006380919
3015101,0,0,0.0038321484
3005596,0,0,0.003521823
3010653,0,0,0.01022866
3004570,0,0,0.006882219
3009437,0,0,0.00130645
3002226,0,0,0.014451995
3015187,0,0,0.007492465
3012030,0,0,0.0112571055
3018042,0,0,0.008866204
3006722,0,0,0.003298181
3010486,0,0,0.0082337065
2997888,0,0,0.0015127654
3017397,0,0,0.0028419124
3013408,0,0,0.0012524012
3000925,0,0,0.0071051153
2995846,0,0,0.0054637683
3000211,0,0,0.0027418204
2999385,0,0,0.0017410956
2994255,0,0,0.006803519
3003758,0,0,0.004561112
2993023,0,0,0.0025926903
3016050,0,0,0.0035073895
2994536,0,0,0.036524646
3013223,0,0,0.0028929338
3009387,0,0,0.0028516934
3016492,0,0,0.007690809
3001124,0,0,0.010595818
3006769,0,0,0.0021538937
3004087,0,0,0.045696866
3013975,0,0,0.0034160565
3008366,0,0,0.001525339
3015652,0,0,0.0084975315
2999266,0,0,0.043615654
3009556,0,0,0.0052626566
2999502,0,0,0.0040903804
3001898,0,0,0.0072895023
3010767,0,0,0.00531903
3007591,0,0,0.015387917
3003668,0,0,0.029156877
2996962,0,0,0.0024839267
3014473,0,0,0.028520586
2994744,0,0,0.010396386
3000858,0,0,0.0018277968
2987760,0,0,0.0058343434
3006210,0,0,0.0056489133
2993302,0,0,0.026277833
2999840,0,0,0.0031183506
3013935,0,0,0.006620145
2996426,0,0,0.0031314967
2989621,0,0,0.0029937995
3007759,0,0,0.0029772527
2990581,0,0,0.017262504
3016703,0,0,0.0024820145
2999192,0,0,0.043878336
3012965,0,0,0.06874971
2988733,0,0,0.05079439
2993527,0,0,0.005643875
3003981,0,0,0.0011129573
2994831,0,0,0.0055635767
3018482,0,0,0.0033909078
3008216,0,0,0.034147747
3018059,0,0,0.005965563
3017075,0,0,0.013291005
2995684,0,0,0.0022216898
2991020,0,0,0.008863363
3011461,0,0,0.0080120275
3010450,0,0,0.016396463
3005482,0,0,0.0028348605
3004224,0,0,0.03269237
3002936,0,0,0.056077234
2992129,0,0,0.0071813925
2998092,0,0,0.015016496
2994767,0,0,0.013691905
3000819,0,0,0.035395116
2989620,0,0,0.024290305
3017714,0,0,0.043191493
3010453,0,0,0.0034500493
3000329,0,0,0.0012735558
2987141,0,0,0.016600283
3001665,0,0,0.0063549383
2987632,0,0,0.0038127587
3012506,0,0,0.075281136
2992399,0,0,0.0036927827
3001306,0,0,0.042888764
2992545,0,0,0.0017106337
2997525,0,0,0.020826558
3018663,0,0,0.005044069
3003763,0,0,0.0015638587
3004873,0,0,0.0062129432
2989035,0,0,0.0023391463
2991847,0,0,0.0069286535
3007309,1,1,0.5079802
3004192,0,0,0.0064300396
3003496,0,0,0.010503646
3018187,0,0,0.011635455
2993174,0,0,0.0058521074
3011023,0,0,0.014355297
2997270,0,0,0.060955625
2995754,0,0,0.0049581616
3003697,0,0,0.0025230283
3003815,0,0,0.005401195
2998008,0,0,0.002593058
3003983,0,0,0.0046358905
3018474,0,0,0.03036115
3011768,0,0,0.023653798
2995739,0,0,0.0018083217
2997258,0,0,0.009456095
2992765,0,0,0.00568742
3014741,1,1,0.9797529
2990620,0,0,0.005687824
2994729,0,0,0.0054689194
2992192,0,0,0.0036962896
3003976,0,0,0.0035192238
3001736,0,0,0.0024201826
3008033,0,0,0.0018834
3004170,0,0,0.0038600455
2991010,0,0,0.0066093598
3007304,0,0,0.020303892
3011760,0,0,0.005812928
3001841,0,0,0.007169374
3010639,0,0,0.0034089454
3015035,0,0,0.004050337
3016776,0,0,0.056630194
3005009,0,0,0.0022284237
3016659,0,0,0.0034676476
2999560,0,0,0.0009302749
2999300,1,0,0.13315687
2990227,0,0,0.0057321726
2996834,0,0,0.0032259692
3008850,0,0,0.0075751264
2991150,0,0,0.001102159
3016045,0,0,0.01679214
3004628,0,0,0.001975412
3003840,0,0,0.0042094775
3016938,0,0,0.082367204
2987274,0,0,0.011052858
2993458,0,0,0.004843228
2991645,1,1,0.9869457
3005895,0,0,0.0024175546
2999295,0,0,0.0023981861
2995261,0,0,0.0054213665
3009385,0,0,0.011759525
3015455,0,0,0.013570847
2999157,0,0,0.019421682
3004243,0,0,0.0050386875
3004357,0,0,0.032784402
3015170,0,0,0.0048999484
3004199,0,0,0.024380833
2997530,0,0,0.012123574
3014946,0,0,0.0031402183
3005440,0,0,0.001464693
3000722,0,0,0.0028903477
3017847,0,0,0.0061003743
3014126,0,0,0.005216626
3004178,0,0,0.011762906
2995530,0,0,0.001874007
2996494,0,0,0.011973502
2989301,0,0,0.0049250666
3010336,0,0,0.0014711629
3008183,0,0,0.0014787721
2989519,0,0,0.024522249
2998510,0,0,0.009067638
3000121,0,0,0.0059182323
2987724,0,0,0.004941635
3004127,0,0,0.014891491
3002374,0,0,0.011096402
3003654,0,0,0.008836527
2994557,0,0,0.009212699
3003186,0,0,0.00634183
2994525,0,0,0.006548736
3010224,0,0,0.014832637
3006438,0,0,0.0013813482
3014877,0,0,0.014996867
3012995,0,0,0.0027739727
2989391,0,0,0.0059678364
2994993,0,0,0.0013272124
2991915,0,0,0.014449203
2987750,0,0,0.021578344
3008031,0,0,0.036282822
3003028,0,0,0.02799065
2992389,0,0,0.0018417492
2996543,0,0,0.003938341
3012457,0,0,0.0029636037
3007964,0,0,0.10639762
3001847,0,0,0.015466022
3010440,0,0,0.0033725407
3012969,0,0,0.025903802
2990097,0,0,0.0053882566
3014576,0,0,0.008401641
3007992,1,1,0.91228276
3012899,0,0,0.017842302
2996633,0,0,0.010508172
2997264,0,0,0.013969346
3005194,0,0,0.01257269
2999880,0,0,0.002487282
2993949,1,1,0.3660532
2997444,0,0,0.004961285
3004782,0,0,0.0021824173
2996529,0,0,0.003084585
3009464,0,0,0.0039635124
2997912,0,0,0.0044250344
2996441,0,0,0.008718297
3015859,0,0,0.0019407296
3005591,0,0,0.0020466908
2997707,0,0,0.004124386
3007048,0,0,0.004285334
3016830,0,0,0.0018967674
2994978,0,0,0.023530737
2995964,0,0,0.02367731
3013784,0,0,0.012139111
3007855,0,0,0.0020854312
3001776,0,0,0.0015633426
2997681,0,0,0.034322873
3002773,0,0,0.0031740796
2988136,0,0,0.042922385
3000614,0,0,0.0021063085
2995667,0,0,0.0019216521
3006995,0,0,0.046910364
3013481,0,0,0.014577803
2993581,0,0,0.0037259401
3018512,0,0,0.0070934016
3012537,0,0,0.023625717
2998623,0,0,0.017886385
2991122,0,0,0.045585226
3016716,0,0,0.0030424197
3015208,0,0,0.00898334
2990247,0,0,0.0051272227
3012671,0,0,0.0020600148
3001085,0,0,0.042413026
3015851,0,0,0.0042661536
2999893,0,0,0.029902022
3009392,0,0,0.0025495612
2990858,1,1,0.6645562
2988240,0,0,0.0026097505
3000270,0,0,0.0045090434
3000388,0,0,0.004603485
3018070,0,0,0.008097866
3001226,0,0,0.004698905
2993942,0,0,0.026009956
2987460,0,0,0.0023349382
2997831,0,0,0.011352077
3001134,0,0,0.007953653
3016810,0,0,0.01525019
2988229,0,0,0.016290225
2998750,0,0,0.0039776615
2996322,0,0,0.07470843
2991472,0,0,0.0110552935
3016667,0,0,0.006938484
3018328,0,0,0.019097904
3010206,0,0,0.0022315958
3007267,0,0,0.0015585939
3008659,1,0,0.0031771527
2998685,0,0,0.010874534
3012282,0,0,0.0050340616
3010326,0,0,0.0025784944
3005977,0,0,0.006143686
2988783,0,0,0.0023660115
3003639,0,0,0.021026602
2999728,0,0,0.01193972
2996968,0,0,0.0074303527
3002564,0,0,0.006239905
3003913,0,0,0.06361015
2992708,0,0,0.084055535
3016702,0,0,0.0023235427
2996589,0,0,0.01853512
3000276,0,0,0.21862532
3018374,0,0,0.0025247952
2999383,0,0,0.008549673
3010679,0,0,0.004610465
3017110,0,0,0.0020815122
2995342,0,0,0.003993517
3010704,0,0,0.011734288
2994414,0,0,0.0043453868
2990412,0,0,0.0011350596
3002033,0,0,0.033987064
2989057,0,0,0.023934338
3013434,0,0,0.0060817576
3006348,0,0,0.01522664
2989425,0,0,0.012804513
2990633,0,0,0.016168134
2987705,0,0,0.026725234
3011172,0,0,0.009209549
2991688,1,0,0.041013494
2988406,0,0,0.002304975
3009956,0,0,0.024316497
3012790,0,0,0.004136012
3011691,0,0,0.006741387
2997259,1,1,0.6304916
2988883,0,0,0.0024562692
3014374,0,0,0.004852881
2995244,0,0,0.012695532
3010342,0,0,0.08215219
2991132,0,0,0.048267946
3008786,0,0,0.0048149866
2989473,0,0,0.027518153
3009926,0,1,0.4407567
3003129,0,0,0.0078084306
2990024,0,0,0.010374842
2994687,0,0,0.010570977
2994316,0,0,0.0060613733
2987339,0,0,0.0044711065
2995528,0,0,0.0068526473
2992858,0,0,0.013518839
2994942,0,0,0.016734336
3016318,0,0,0.0013154347
2992357,0,0,0.015994746
3001745,0,0,0.006167653
3000269,0,0,0.005175466
3004682,0,0,0.005668191
3000392,0,0,0.001682232
3003514,0,0,0.004026012
3005449,0,0,0.0068367287
2989255,0,0,0.0024017082
3016854,0,0,0.0056763045
3017522,0,0,0.0039365627
2989650,0,0,0.004859928
3009194,0,0,0.0076709543
3006424,0,0,0.028508453
2987506,0,0,0.0038761382
3015980,0,0,0.0058692684
3008061,0,0,0.09197229
3000628,0,0,0.029157814
3001855,0,0,0.011978021
3014180,0,0,0.0016380645
2999021,0,0,0.0052537527
2998958,0,0,0.021273533
3013827,0,0,0.0033418091
2996883,0,0,0.018456314
3013711,1,0,0.23931426
2987900,0,0,0.15681443
3007074,0,0,0.008802896
3017626,0,0,0.0012152472
2995239,0,0,0.016627597
2987030,0,0,0.0017612306
2997217,0,0,0.011371462
3018530,0,0,0.036256026
2991604,0,0,0.0059071085
3003559,0,0,0.073612474
3009700,0,0,0.006680717
2992283,0,0,0.04099871
3011527,0,0,0.010579898
3011699,0,0,0.004285157
3003875,0,0,0.0014528773
3006972,0,0,0.0018577769
2994949,0,0,0.0033804113
2992517,0,0,0.015035565
2994459,0,0,0.014124943
3001701,0,0,0.013003772
3001801,0,0,0.016099362
2992549,0,0,0.0044374377
3016063,0,0,0.08065945
2991991,0,0,0.0051422524
2995147,0,0,0.0044923965
2992042,0,0,0.00458068
2989564,0,0,0.01913439
2997908,0,0,0.0074514616
2990383,0,0,0.001039994
3006990,0,0,0.008169185
2991898,0,0,0.004926027
3016185,0,0,0.0055004377
3008504,0,0,0.0043276395
2995356,0,0,0.0025945136
2996888,0,0,0.005816269
2988846,0,0,0.007191044
2989331,0,0,0.003324568
3002538,0,0,0.005171419
3008516,0,0,0.008070527
2991528,0,0,0.0023398986
2989296,0,0,0.01338563
2996862,0,0,0.07420519
2999802,0,0,0.0040834714
3002644,0,0,0.006060891
3001538,0,0,0.0037594584
3010447,1,0,0.06435517
3011039,0,0,0.00323764
3007595,0,0,0.0313255
3001951,0,0,0.0042128926
2991373,0,0,0.009641613
2999628,0,0,0.103551656
3012982,0,0,0.009138211
3015631,0,0,0.020210212
3004197,0,0,0.0027716917
2990441,0,0,0.0048019644
3008192,0,0,0.0029562945
2999394,0,0,0.004672311
2989655,0,0,0.0026803827
3011673,0,0,0.005797794
3010200,0,0,0.008249773
3003374,0,0,0.02930719
2988034,0,0,0.0021931222
2993151,0,0,0.0053838883
3007574,0,0,0.017222388
2998447,0,0,0.007251177
2998491,0,0,0.010807687
3017552,0,0,0.010121755
2992700,0,0,0.016662141
2989268,0,0,0.0022994538
2999098,0,0,0.00321679
2996527,0,0,0.0023318755
2998475,0,0,0.005435822
2993333,0,0,0.033902172
3015256,0,0,0.00322409
3006243,0,0,0.013635996
2993322,0,0,0.002676229
3014133,0,0,0.052808307
2994865,0,0,0.0021238553
3010146,0,0,0.004583237
3006998,0,0,0.15913387
3016245,0,0,0.008255506
2993304,0,0,0.04341671
3013873,0,0,0.044216923
3013067,0,0,0.0015496255
2994637,0,0,0.0036466294
2997830,0,0,0.014521291
2988046,0,0,0.0037152555
2998253,0,0,0.016761536
3011542,0,0,0.0015611924
3002796,0,0,0.011565647
2997033,0,0,0.01868203
3016916,0,0,0.0054951194
3015890,0,0,0.030639276
3002776,0,0,0.0014451094
2988673,0,0,0.0044791983
3010062,0,0,0.012275848
3007576,0,0,0.0025007366
2994251,0,0,0.066343606
3015632,0,0,0.011597727
2998429,0,0,0.008720394
2994309,0,0,0.003087177
2992552,0,0,0.0028131222
2992207,0,0,0.003715889
3017402,0,0,0.0077041946
3003227,0,0,0.007633135
3008584,0,0,0.0026697754
3010189,0,0,0.0073217177
3009164,0,0,0.002319335
3004668,0,0,0.011745774
3009211,0,0,0.0026817431
3007727,0,0,0.004614699
3012396,0,0,0.0026374075
3004944,0,0,0.0016551212
3012210,0,0,0.002279337
3009154,0,0,0.016844654
3011323,0,0,0.011976222
3009118,0,0,0.0053204834
3008000,0,0,0.0024345003
2989513,0,0,0.021632336
3017246,0,0,0.006589406
3004039,0,0,0.026447713
2988248,0,0,0.010485894
3000176,0,0,0.0026815583
3006718,0,0,0.0074639744
3014803,0,0,0.020096645
3009377,0,0,0.019545136
2999791,0,0,0.002743632
3004082,0,0,0.028946668
2994004,0,0,0.02263947
2994752,0,0,0.0032147479
3007101,0,0,0.018104047
2995136,0,0,0.010087634
2996809,0,0,0.010599928
2997356,0,0,0.0056922967
2990525,0,0,0.007939034
2995251,0,0,0.010675591
3010524,0,0,0.024528837
3015953,0,0,0.0053412644
3011803,0,0,0.0010289468
2996755,0,0,0.009004489
2987539,0,0,0.0015102208
3011360,1,0,0.19306295
3002102,0,0,0.012866181
2987189,0,0,0.018862568
3018298,0,0,0.0011332774
2987927,0,0,0.006581483
3018001,0,0,0.01444551
2992734,0,0,0.00627737
2994821,0,0,0.00482705
3001869,0,0,0.0008033388
3016175,0,0,0.0054460713
2993078,0,0,0.010846346
3007564,0,0,0.00919607
3004521,0,0,0.11404574
3003139,0,0,0.006904296
2987441,0,0,0.0029425344
3011167,0,0,0.013736731
3009452,0,0,0.018775595
2992775,0,0,0.0027529332
2987190,0,0,0.18506439
3010638,0,0,0.0023313276
2995367,0,0,0.0015212087
3005646,0,0,0.0021007583
2996024,0,0,0.016287917
3001195,0,0,0.2630004
3003725,0,0,0.0039237905
3013309,0,0,0.007260942
2989745,0,0,0.003577514
2989930,0,0,0.010021723
2997732,0,0,0.0028732875
3003277,0,0,0.007979694
3001858,0,0,0.014758793
3000996,0,0,0.14725803
3010681,0,0,0.0065880395
3014596,0,0,0.020449083
3016000,0,0,0.005065429
3004624,0,0,0.0094908485
3008127,0,0,0.0067086723
3017399,0,0,0.020865606
2994945,0,0,0.037918422
3017129,0,0,0.016156442
3003470,0,0,0.014130111
3007114,0,0,0.004656436
2989755,0,0,0.009735676
3017608,0,0,0.0010350489
3009864,0,0,0.0024885673
2997367,0,0,0.004472164
2999221,0,0,0.0022090583
3005987,0,0,0.008711771
3005300,0,0,0.006911712
2991509,0,0,0.003641318
3007423,0,0,0.0032628574
3010124,0,0,0.17145917
3002779,0,0,0.019659912
3006343,0,0,0.0059851455
2997562,0,0,0.013553113
2987268,0,0,0.002440641
3010473,0,0,0.015043152
2990983,0,0,0.0063281907
3009476,0,0,0.008410429
2994407,0,0,0.008802023
2991903,0,0,0.010997694
3002822,0,0,0.0031471862
3003927,0,0,0.002782491
3007542,0,0,0.0068460144
2990113,0,0,0.036114406
2992276,0,0,0.0434462
3017464,0,0,0.03602241
3010371,0,0,0.0073993327
3003091,0,0,0.011770558
2996984,0,0,0.004357367
3018365,0,0,0.013589077
3010169,0,0,0.0008366267
2993708,0,0,0.0044756294
3010128,0,0,0.020611404
3012283,0,0,0.013530819
3005061,0,0,0.015309941
3012286,0,0,0.05662537
3007416,0,0,0.0067826235
2992453,0,0,0.01108315
3018783,0,0,0.0034147596
2999813,0,0,0.0018069751
2988016,0,0,0.0023632015
2989986,0,0,0.0069648935
3013457,0,0,0.014290933
3016215,0,0,0.02151314
3009834,0,0,0.001428547
2998036,0,0,0.004710706
3015060,0,0,0.019837903
3003359,0,0,0.00580612
3017595,0,0,0.011278658
2993717,1,0,0.029888732
3015024,0,0,0.0030912242
3002632,0,0,0.00860085
2987421,0,0,0.0041992
3002783,0,0,0.013120549
3015443,0,0,0.0024105934
3015086,0,0,0.0018294357
3017182,0,0,0.008368946
2989259,0,0,0.004403674
3010468,0,0,0.01058163
2987139,0,0,0.0151644675
2994996,0,0,0.021133812
3011967,0,0,0.0013563391
3018347,0,0,0.009089361
3014645,0,0,0.0095776785
3018194,0,0,0.028167564
3006849,0,0,0.079014845
2990314,0,0,0.0025160369
3013468,0,0,0.004521756
3012072,0,0,0.010752332
3004909,0,0,0.0034008424
2997394,0,0,0.011463095
3011810,0,0,0.04478076
2997585,0,0,0.012306448
3001039,0,0,0.0052465606
2994318,0,0,0.0032395257
3007598,0,0,0.003118447
2995093,0,0,0.005446967
2991251,0,0,0.0051885117
3013365,0,0,0.04386409
2999032,0,0,0.003265186
3003649,0,0,0.0012915941
3014910,0,0,0.0036468653
2994733,0,0,0.021623474
3002601,0,0,0.005447541
3012446,0,0,0.0014859515
3010563,0,0,0.0061476147
3009760,0,0,0.016710758
3002977,0,0,0.009002008
2991478,0,0,0.060567755
2990398,0,0,0.0038876995
2993135,0,0,0.009826765
2988366,0,0,0.0045217536
2993209,0,0,0.0088107465
3012502,0,0,0.004521492
2990998,0,0,0.005631165
3012359,0,0,0.0040059625
2998360,0,0,0.006483854
3009411,0,0,0.0033902957
2998126,0,0,0.005704517
2989903,0,0,0.003764008
2987479,0,0,0.0015824732
3012125,0,0,0.00968657
2998010,0,0,0.019424874
3004902,0,0,0.0030161594
3007147,0,0,0.003389809
3014656,0,0,0.002517059
3012591,0,0,0.0043950626
3009395,0,0,0.0043728347
2994461,0,0,0.05061455
3008206,0,0,0.009532327
3013189,0,0,0.041041616
2991660,0,0,0.0031697073
2993780,0,0,0.003389398
3008895,1,1,0.7215689
3012661,0,0,0.0004288682
3007148,0,0,0.002010212
3008360,0,0,0.00597789
2988316,0,0,0.0031869174
2990853,0,0,0.015419034
3013174,0,0,0.010375116
3013732,0,0,0.0050394284
2991619,0,0,0.0072790505
3018369,0,0,0.051022835
2997375,0,0,0.0035161749
3006899,0,0,0.0054357345
2989610,0,0,0.0044586565
3010482,0,0,0.007693699
3013568,0,0,0.0028523554
3003552,0,0,0.014601105
3015650,0,0,0.0028412987
3008961,0,0,0.009161655
3001148,0,0,0.04591916
2992098,0,0,0.013274493
2992792,0,0,0.009201915
2993689,0,0,0.012510418
2997335,0,0,0.012165179
2995364,0,0,0.0021274923
3002426,0,0,0.026701014
3011377,0,0,0.0036875114
2998960,0,0,0.032193772
3017487,0,0,0.0025306009
3012588,0,0,0.034700092
3003391,0,0,0.024349304
3006787,0,0,0.009994223
3018746,0,0,0.012397427
3014974,0,0,0.02813171
3007620,0,0,0.017370472
2987547,0,0,0.15976404
3005322,0,0,0.030099344
2999982,0,0,0.004871285
3010656,0,0,0.0052692383
3016988,0,0,0.14988133
3005084,0,0,0.009163499
2999036,0,0,0.03140875
3007589,0,0,0.017885597
2989076,0,0,0.063178346
2993506,0,0,0.010468004
2988589,0,0,0.0040741526
3014179,0,0,0.019034373
2993834,0,0,0.01241686
3008200,0,0,0.0023772877
3007976,0,0,0.022540413
3002163,0,0,0.010585895
2998260,0,0,0.024511825
3004630,0,0,0.005074516
3016384,0,0,0.020492885
2992289,0,0,0.009149387
3016132,0,0,0.0039392407
3016508,0,0,0.026611961
3004099,0,0,0.03226491
2992512,0,0,0.0050465204
2987148,0,0,0.0014860951
2996206,0,0,0.019735307
3007830,0,0,0.024832917
3003205,0,0,0.02244256
3011526,0,0,0.0050942204
2995682,0,0,0.0051115607
2995793,1,1,0.30816317
3018304,0,0,0.024745276
3018571,0,0,0.0015734447
2999062,0,0,0.00699043
2995619,1,0,0.0060795825
3006250,0,0,0.003017975
3007323,0,0,0.02246914
2989779,0,0,0.0033733407
2990531,0,0,0.013715648
3008612,0,0,0.021516709
3011622,0,0,0.00872354
3014129,0,0,0.017639223
2994716,0,0,0.012285356
3011231,0,0,0.0031995517
3006994,0,0,0.0023495338
2993589,0,0,0.16739546
3013176,0,0,0.033887517
3002143,0,0,0.0026028648
2991244,0,0,0.004985396
3000222,0,0,0.0072256997
3013949,0,0,0.009310158
3000286,0,0,0.0521035
2998076,0,0,0.0026951495
3015205,0,0,0.0025958896
2994117,0,0,0.003707575
3002473,0,0,0.0033655823
2999298,0,0,0.00844943
3008025,0,0,0.044656027
2994766,0,0,0.007326218
2993249,0,0,0.016956687
3012731,0,0,0.023467235
3010391,0,0,0.0017975303
2987702,0,0,0.0060540293
3011425,0,0,0.0068103303
3015233,0,0,0.00884999
3009995,0,0,0.044885024
2988962,0,0,0.019870965
2991140,0,0,0.015097963
3004510,0,0,0.014460404
3010298,0,0,0.016097873
2997631,0,0,0.025998574
3016707,0,0,0.0027069205
2993800,0,0,0.2022273
2990542,0,0,0.050515316
3010358,0,0,0.018443732
3006816,0,0,0.009114132
3002529,0,0,0.0012948076
3015423,0,0,0.013388049
3015831,0,0,0.0031591272
3011644,0,0,0.012310749
3016077,0,0,0.027438026
3013549,0,0,0.0012049415
2995500,0,0,0.010459053
3014541,0,0,0.053094983
3009570,0,0,0.0040854807
3007313,0,0,0.003246283
3009607,1,0,0.01022186
3009938,0,0,0.07435044
2993117,0,0,0.0014273537
3015978,0,0,0.008526519
3008383,0,0,0.005019704
2995178,0,0,0.014345995
3010690,0,0,0.042307712
3011847,0,0,0.008565965
2998465,0,0,0.014998811
3010941,0,0,0.0024056586
2991073,0,0,0.0034938927
3010564,0,0,0.007326488
2996580,0,0,0.008823565
3001533,0,0,0.0068253316
3003162,0,0,0.004040771
3017354,0,0,0.0038613437
3012725,0,0,0.003536817
3011786,0,0,0.05312906
3006021,0,0,0.005909279
2990269,0,0,0.0077313925
2996106,0,0,0.01152011
3017266,0,0,0.003831719
2988033,0,0,0.0039005433
2995001,0,0,0.0033632831
3007078,0,0,0.0015838516
3006099,0,0,0.008911131
3006307,0,0,0.021903107
2997337,0,0,0.02341514
3013509,0,0,0.005971201
3001354,0,0,0.004786414
2997971,0,0,0.0025611985
2996860,0,0,0.0062278053
3004893,0,0,0.0047994675
3016243,0,0,0.0022620598
3017912,0,0,0.0071673305
2991555,0,0,0.002777551
2992878,0,0,0.0037194092
2991511,0,0,0.019427218
2991301,0,0,0.0051271864
3002048,0,0,0.0040638237
3000414,0,0,0.0010456807
2996706,0,0,0.006110018
3009824,0,0,0.00593225
3002330,0,0,0.0013434554
3018363,1,0,0.012339685
3003279,0,0,0.009062554
3006926,0,0,0.016924638
3018494,0,0,0.015540993
3004241,0,0,0.002046242
3007392,0,0,0.014662697
3016605,0,0,0.004050487
2992815,0,0,0.015414744
2998292,1,0,0.00730238
3006716,0,0,0.007871022
2987300,0,0,0.03788873
3003495,0,0,0.110988796
3014979,0,0,0.011390287
2991840,0,0,0.0686616
3013462,0,0,0.10544709
2991549,0,0,0.002990212
3002618,0,0,0.004817005
3012135,0,0,0.004611971
3008302,0,0,0.0064046984
3009828,0,0,0.008252403
3008952,0,0,0.026076242
2998704,0,0,0.014004508
2994233,0,0,0.0043277773
2998808,0,0,0.07098996
2993029,0,0,0.008861889
3011202,0,0,0.011245653
2996210,0,0,0.015530001
3011284,0,0,0.010175982
3017764,0,0,0.006277138
3006173,0,0,0.021793053
3005311,0,0,0.001077086
3017580,0,0,0.005435147
3014139,0,0,0.052773975
3018356,0,0,0.083436415
2996344,0,0,0.042533815
3014730,0,0,0.0055552595
2990384,0,0,0.0029452494
3010801,0,0,0.0019172783
3011606,0,0,0.0016998565
3018649,1,1,0.93031925
3016662,0,0,0.17703855
3005515,0,0,0.073683314
3005934,0,0,0.0016052963
3010351,0,0,0.0072843484
3018534,0,0,0.013087102
3014483,0,0,0.006867295
3007904,0,0,0.008956656
3014447,0,0,0.019087657
3015628,0,0,0.0073484657
3012480,0,0,0.05771944
3013846,0,0,0.008654429
3002104,0,0,0.012794048
3017802,0,0,0.035975836
3008166,0,0,0.0045127245
2995907,0,0,0.02568143
2992261,0,0,0.0055922763
3001549,0,0,0.0064646443
3008847,0,0,0.0020626022
3003394,0,0,0.0053383494
3005026,0,0,0.0035895363
3015900,0,0,0.008397609
2991686,0,0,0.0072123245
3017529,0,0,0.0073226118
3009300,0,0,0.009894551
3013546,0,0,0.12428613
3016600,0,0,0.05258856
2991857,0,0,0.0020349303
2989433,0,0,0.0019866498
2989308,0,0,0.0039521754
2998353,0,0,0.009142542
3013278,0,0,0.016870797
3010886,0,0,0.009227035
3018555,0,0,0.02067099
3013515,0,0,0.0030915858
3011831,0,0,0.002648141
2994435,0,0,0.03682311
2993072,0,0,0.020591771
2996617,0,0,0.0038029875
3009451,0,0,0.005550175
2997248,0,0,0.002420953
2991053,0,0,0.04115721
2998299,0,0,0.001378593
3008647,0,0,0.0045462134
3013505,0,0,0.010033837
3015670,0,0,0.043741215
3018355,0,0,0.0076081664
2987902,0,0,0.001754389
3010970,0,0,0.059810832
2998935,0,0,0.0059181424
2991392,0,0,0.006376694
3013960,0,0,0.017500553
3005572,0,0,0.0015600007
3009541,0,0,0.02924797
3000417,0,0,0.00578813
2991638,0,0,0.0023890804
2991106,0,0,0.024981372
2994121,1,1,0.97020763
2988745,0,0,0.007237764
3002976,1,1,0.33624542
2994655,0,0,0.01787888
3010667,0,0,0.0024015482
2992158,0,0,0.019708337
3003671,0,0,0.031346887
3012561,0,0,0.0052629863
2987073,0,0,0.04309601
2987010,0,0,0.04223944
3002325,0,0,0.0034189376
2990666,0,0,0.0032303298
3000098,0,0,0.07100897
2996658,0,0,0.0020180754
2998389,0,0,0.021821588
3005633,0,0,0.016132833
2997447,0,0,0.024833638
3009542,0,0,0.0044865934
2994905,0,0,0.008759396
3012184,0,0,0.013278305
3010731,0,0,0.0039241225
3015910,0,0,0.019120079
3013998,0,0,0.0015089285
3006900,0,0,0.04087086
2988874,0,0,0.0044537256
3012193,0,0,0.0014715266
3014588,0,0,0.012748285
2988873,0,0,0.012945582
2987929,0,0,0.011717705
3012598,0,0,0.0021768038
3014488,0,0,0.005899704
2992598,0,0,0.013884793
2989660,0,0,0.0042908355
3008635,0,0,0.026386146
2990034,0,0,0.0043236227
2996718,0,1,0.44894418
2998363,0,0,0.0046683983
3013988,0,0,0.0023933575
2990171,0,0,0.007943114
3007832,0,0,0.005444308
3018025,0,0,0.015686972
3010167,0,0,0.0027347123
3004713,0,0,0.016179288
3001368,0,0,0.010008746
3010839,0,0,0.004256541
3015324,0,0,0.0034861595
3012675,0,0,0.027506141
3003813,0,0,0.0021716654
3005418,0,0,0.007460612
3012891,0,0,0.0035880902
3001499,0,0,0.0028183989
3008822,0,0,0.04973955
3001357,0,0,0.021351842
3014534,0,0,0.016772479
3017345,0,0,0.058031682
3002091,0,0,0.0016770046
3015050,0,0,0.0054280786
3013984,0,0,0.009275184
3006012,0,0,0.09855736
3017605,0,0,0.023198664
3012337,0,0,0.02665281
3014859,0,0,0.0008647895
3013765,0,0,0.19360167
2988015,0,0,0.0016412836
3013737,0,0,0.01568664
2999148,0,0,0.0020413906
2988645,0,0,0.0008075948
3004104,0,0,0.0029431456
3011746,0,0,0.003937245
2992224,0,0,0.012136869
3005066,0,0,0.013306886
3014668,0,0,0.03581127
3005229,0,0,0.0045451624
2994774,0,0,0.010409026
3005458,0,0,0.0046544117
3009432,0,0,0.030213
3016324,0,0,0.003053321
2994390,0,0,0.004664866
3003270,0,0,0.0114990445
2996871,0,0,0.0022354184
3011895,0,0,0.0010650596
2993058,0,0,0.0029028319
3005663,0,0,0.0019353551
3003550,0,0,0.0009932081
3003993,0,0,0.29569328
3014415,1,1,0.5704717
3012259,0,0,0.0023997803
3008153,0,0,0.033226952
2990473,0,0,0.02459798
2993362,0,0,0.001461739
3016048,0,0,0.0020365685
2988547,0,0,0.016710384
3010437,0,0,0.00977531
2988613,0,0,0.0057098637
3007169,0,0,0.0061015687
3014724,0,0,0.011301216
2987764,0,0,0.0021529284
3018460,0,0,0.002888908
3001135,0,0,0.010042959
2999779,0,0,0.0020336418
2988147,0,0,0.0010931024
2991856,0,0,0.0014790996
3002864,0,0,0.07720015
3001959,1,1,0.96779877
2989924,0,0,0.008931157
3013214,1,1,0.9279112
3004625,0,0,0.003060526
2988709,0,0,0.0029627825
3001925,0,0,0.005496542
2999134,0,0,0.003288242
3016019,0,0,0.004937889
3007698,0,0,0.0023481303
3011005,0,0,0.115851566
3006300,0,0,0.00389716
3002207,0,0,0.004127109
3005535,0,0,0.00252212
3008680,0,0,0.010418599
2999496,0,0,0.034291584
3010778,0,0,0.02043104
3001223,0,0,0.005465844
3013262,0,0,0.0025434352
3001348,0,0,0.011857695
3006110,0,0,0.004660128
2987041,0,0,0.028968992
3006472,0,0,0.003649583
3015575,0,0,0.015465665
3000549,0,0,0.019627968
2990450,0,0,0.0023072602
2992208,0,0,0.0015476141
2993596,0,0,0.020686323
3009872,0,0,0.0044596726
2997829,0,0,0.0037883592
3010042,0,0,0.005050077
2999351,0,0,0.0017826289
3001739,0,0,0.0023071703
3000395,0,0,0.008095403
2998797,0,0,0.0018533893
2995317,0,0,0.018011292
2987051,0,0,0.079170935
3013284,0,0,0.0049100886
3014263,0,0,0.0067198724
2998049,0,0,0.01411956
2990214,0,0,0.016525952
3015697,0,0,0.021864658
3003499,0,0,0.0056113773
3004982,0,0,0.0046512475
3013406,0,0,0.02008634
3008622,0,0,0.0078895725
2998002,0,0,0.004405058
2992740,0,0,0.003682499
3000511,0,0,0.010120566
2997343,0,0,0.008815536
3011535,0,0,0.0023322285
3018792,0,0,0.0072147828
3000923,0,0,0.0115607865
2997632,0,0,0.02374969
2992194,0,0,0.065124445
2993145,0,0,0.026877591
3015270,0,0,0.012812062
3008549,0,0,0.014129904
3010331,0,0,0.01704904
3010113,0,0,0.046507087
2994564,0,0,0.0062384442
3009431,0,0,0.014978909
2992855,0,0,0.004858095
2993846,0,0,0.007153625
3006712,0,0,0.0023338222
3007714,0,0,0.006280235
3011568,0,0,0.0036531235
3014631,0,0,0.0009260446
3003480,0,0,0.004352725
3003768,0,0,0.004692734
2995996,0,0,0.004824451
3003336,1,1,0.31647027
3010623,0,0,0.0019881895
3003107,0,0,0.0038510845
3003255,0,0,0.006283105
2998666,1,0,0.1533653
3006142,0,0,0.009076987
2989747,0,0,0.0038990856
3006411,0,0,0.005656587
3004576,0,0,0.0021168846
2988011,0,0,0.018921608
2995419,0,0,0.018315962
2989012,0,0,0.015296548
2989589,0,0,0.0023809425
3016625,0,0,0.006433212
3002781,0,0,0.0015751079
3007748,0,0,0.026270496
3011907,0,0,0.022567686
3005641,0,0,0.009393203
3002197,0,0,0.001627487
3009027,0,0,0.030975286
3012110,0,0,0.003357435
2995822,0,0,0.0036236611
3017084,0,0,0.0073250527
2987866,0,0,0.006038348
3015698,0,0,0.007374672
2990547,0,0,0.0057681547
2993127,0,0,0.032888155
3014530,0,0,0.0031684767
3017737,0,0,0.025262572
3016706,0,0,0.0049180095
2998602,0,0,0.030448651
2999316,0,0,0.0064475895
2994285,0,0,0.010393531
2995392,0,0,0.022718614
3005286,0,0,0.0060211243
2992122,0,0,0.0037351414
2990357,0,0,0.03239947
3007918,0,0,0.0023171997
3007089,0,0,0.004821835
3012341,0,0,0.003981226
3004040,0,0,0.0010376895
3000476,0,0,0.0013411465
3004304,0,0,0.0008086213
3000362,0,0,0.0071593104
3017630,0,0,0.005382004
3011403,0,0,0.0066164644
3018150,0,0,0.0011301247
2994827,0,0,0.105796255
3009262,0,0,0.008317454
3013817,0,0,0.014064705
3001914,0,0,0.013477985
3014312,0,0,0.0017466679
2991734,0,0,0.1805006
3004509,0,0,0.0059069204
3011154,0,0,0.0012962444
3018666,0,0,0.048692483
3001638,0,0,0.21646598
3013369,0,0,0.001994482
3016025,0,0,0.001856945
3012176,0,0,0.026321694
3016612,0,0,0.042037368
3005342,0,0,0.0021009683
2998256,0,1,0.41645333
3006399,1,1,0.7929428
3000954,0,0,0.046537224
2994497,0,0,0.0028138743
2988695,0,0,0.007285921
2995747,0,0,0.007892671
3002937,0,0,0.0085911285
3002446,0,0,0.003690298
2994328,0,0,0.004281657
2994948,0,0,0.009322543
3013669,0,0,0.042858943
3015185,0,0,0.035543546
3006652,1,1,0.72285414
3010659,0,0,0.0036460545
2991193,0,0,0.041978125
2996138,0,0,0.004674955
3009857,0,0,0.019953134
3010601,0,0,0.012177539
3000488,0,0,0.0054367967
3013134,0,0,0.0022240798
2995217,0,0,0.0034648785
2999212,0,0,0.0059721237
3003604,0,0,0.007999006
2991628,0,0,0.005756547
2992383,0,0,0.0143616935
2992058,0,0,0.0061238464
2988698,0,0,0.042974032
2992449,0,0,0.0049969046
3006696,1,1,0.81562763
2995398,0,0,0.005647251
2987387,0,0,0.0057644974
2987328,0,0,0.018429795
3008176,0,0,0.0018707011
3015438,0,0,0.007821545
3008492,0,0,0.0013628516
2992468,0,0,0.005053401
2990519,0,0,0.0067643374
2998747,0,0,0.02272545
3007490,0,0,0.0059225284
3013696,0,0,0.006911934
3006459,0,0,0.0019680564
3012160,0,0,0.021307807
2999733,1,0,0.073324926
3009470,0,0,0.087751344
3008029,0,0,0.0028191495
2987018,0,0,0.0020622304
3004193,0,0,0.007656674
3017610,0,0,0.0025511065
2999586,0,0,0.011896337
3012619,0,0,0.00271173
2994850,0,0,0.0057450687
3018509,0,0,0.0043739434
3009532,0,0,0.003565061
2987193,0,0,0.065882295
3005639,0,0,0.004892291
2996659,0,0,0.0068325275
3010249,0,0,0.0012203907
3011268,0,0,0.0049572866
3000713,0,0,0.0068344274
3005928,0,0,0.0048495843
2993034,0,0,0.0048039905
3010092,0,0,0.010627534
3007728,0,0,0.009595947
3014701,0,0,0.0016864432
3009882,0,0,0.01660448
3015281,0,0,0.017302332
3003401,0,0,0.0012945579
2993865,0,0,0.0011995924
2989108,0,0,0.0029281836
3011008,0,0,0.005096176
2988065,0,0,0.18113266
2998105,0,0,0.026832009
3001046,0,0,0.002103407
3005952,0,0,0.0058458466
3010023,0,0,0.0063183927
3018616,0,0,0.005268831
2995567,0,0,0.0041987216
2995814,0,0,0.0034548596
3001253,0,0,0.010594578
2996697,0,0,0.0010781125
2995436,0,0,0.0047821733
2987997,0,0,0.004548594
3014404,0,0,0.0015533565
3011664,0,0,0.030456956
3016542,0,0,0.005556911
3003007,0,0,0.0035252569
3007671,0,0,0.0010240434
2991948,0,0,0.017871464
2999215,0,0,0.0055516358
3006293,0,0,0.02988466
2989875,0,0,0.03843548
2990217,0,0,0.004102321
2999948,0,0,0.0015324404
3000899,0,0,0.011614187
3001212,0,0,0.026472218
3011090,0,0,0.0057721217
2991453,0,0,0.0154008325
2988487,0,0,0.010250131
3000703,0,0,0.003633809
3002349,0,0,0.0048524067
2996995,0,0,0.0036319965
2995979,1,1,0.95557195
2997850,0,0,0.0077089095
3004514,0,0,0.0064034574
3009348,0,0,0.0018647787
3012117,0,0,0.03755524
3016606,0,0,0.0018514787
3011802,0,0,0.026633859
3003201,0,0,0.0031282653
2993555,0,0,0.01653493
2992248,0,0,0.008943511
3009143,0,0,0.012993115
3013321,0,0,0.004990806
3011016,0,0,0.02164237
3018473,0,0,0.0059350627
3001040,0,0,0.015821384
3000957,0,0,0.0019190429
3017087,0,0,0.0027504822
3002516,0,0,0.00387335
3010982,0,0,0.0023761257
3012373,0,0,0.0032937136
3003444,0,0,0.00904162
2991050,0,0,0.0029307378
2994024,0,0,0.005828372
2988746,0,0,0.085172735
2997296,0,0,0.019248553
3008349,0,0,0.0017997855
2997603,0,0,0.0070605315
2993437,0,0,0.0037707353
3002381,0,0,0.005619938
2995234,0,0,0.0074602934
2998397,1,0,0.06995764
2988592,0,0,0.020995617
2997100,0,0,0.058474373
2997749,0,0,0.003026537
3016116,0,0,0.0118201915
3001068,0,0,0.003356867
2988457,0,0,0.0048596812
3008202,0,0,0.001463475
3010287,0,0,0.018045112
2991753,0,0,0.0052638873
3004928,0,0,0.0043078107
3013248,0,0,0.019368416
2991469,0,0,0.0039943433
3011727,0,0,0.01026335
2994874,0,1,0.5090337
2991187,0,0,0.0033058692
3000002,0,0,0.01046915
3014065,0,0,0.026239274
3013385,0,0,0.0052116886
2987001,0,0,0.019418273
3006649,0,0,0.0097235795
2994043,0,0,0.0057498594
3010539,0,0,0.0041043493
3003351,0,0,0.01137471
3000789,0,0,0.0695042
3012100,0,0,0.031587604
2988700,0,0,0.0045330515
2998565,0,0,0.0024050314
3006336,0,0,0.0024140475
2995959,0,0,0.053030435
2996366,0,0,0.0029331536
3007505,0,0,0.0068876157
3018490,0,0,0.0048313723
3008055,0,0,0.13997997
2992310,0,0,0.014559792
2999294,0,0,0.0017365929
3001445,0,0,0.037278246
2998764,0,0,0.003856534
3011071,0,0,0.04331703
3013678,0,0,0.006622648
3013250,0,0,0.019232806
3001977,1,1,0.96644974
2997625,0,0,0.0010522848
2992216,0,0,0.002802427
2994437,0,0,0.0015126806
3005004,0,0,0.00352142
3000976,0,0,0.0029459316
3001664,0,0,0.015219135
2992133,0,0,0.0051962235
2987579,0,1,0.4489103
2987059,0,0,0.002873338
3012707,0,0,0.011526465
3010472,0,0,0.001589374
3018516,0,0,0.03947169
2996844,0,0,0.0022617811
2989774,0,0,0.023014594
3004924,0,0,0.28773585
3000645,0,0,0.00669802
2987251,0,0,0.0058148107
3001778,0,0,0.004683956
3011245,0,0,0.0014926944
2999843,0,0,0.013551697
3008341,0,0,0.0019945921
3009520,0,0,0.041024324
3013246,0,0,0.0035533144
2987780,1,1,0.88292
3007932,0,0,0.0060291113
2994281,0,0,0.0049970136
2994138,0,0,0.042836476
3017212,0,0,0.0023086756
2996764,0,0,0.029587572
3001395,0,0,0.039568488
2999455,0,0,0.005043502
2995884,0,0,0.0014732097
2990442,0,0,0.010017078
2990319,0,0,0.008893856
3014780,0,0,0.006925573
2998955,0,0,0.0030061146
2993826,0,0,0.044832446
2987628,0,0,0.0024059275
3016532,0,0,0.014003172
3007391,0,0,0.0035389352
2994813,0,0,0.0017046909
3017115,0,0,0.0020686865
2995771,0,0,0.0014688609
2992720,0,0,0.016211076
3006603,0,0,0.007854071
3003312,0,0,0.0011423478
3018251,0,0,0.0061528985
2995103,0,0,0.0050096377
2991545,0,0,0.026059814
2991659,0,0,0.0055089765
3001126,0,0,0.0013929689
3015737,0,0,0.0071250503
3007006,0,0,0.012645718
2999867,0,0,0.015478021
3006588,0,0,0.0014745255
2990760,0,0,0.006250751
2994453,0,0,0.0017408693
3013531,0,0,0.00302181
2998587,0,0,0.14932422
2996566,0,0,0.0043570544
3000249,0,0,0.0041762446
3012244,0,0,0.0097865425
3014487,0,0,0.001217945
3007507,0,0,0.031651095
2994434,0,0,0.003822377
3005328,0,0,0.020784043
3015161,0,0,0.004139582
3005991,0,0,0.041417364
2987962,0,0,0.01621252
2991718,0,0,0.007921489
3017099,0,0,0.010830493
3004231,0,0,0.102408834
3012767,0,0,0.003971666
2996725,0,0,0.010012271
3001069,0,0,0.003813704
2987798,0,0,0.015860314
2999688,0,0,0.0054485616
2994627,0,0,0.007967911
2991139,0,0,0.0069878525
3012897,0,0,0.036854334
3015711,0,0,0.01549707
2998340,0,0,0.0068924734
3006455,0,0,0.0051488867
3004531,0,0,0.014797798
3014623,0,0,0.007460884
2994897,0,0,0.016773265
2992280,0,0,0.010689289
2993546,0,0,0.07890725
3004438,0,0,0.0018019223
2994408,0,0,0.014600721
3006873,0,0,0.00673332
3004208,0,0,0.010538828
3009265,0,0,0.0042149937
2994291,0,0,0.08520857
2987198,0,0,0.0043130186
2989493,0,0,0.02040383
3018444,0,0,0.0039617266
2995349,0,0,0.004128297
3018180,0,0,0.0011731046
2989690,0,0,0.0012524179
2995516,1,1,0.67583436
2992575,0,0,0.004544362
2987205,0,0,0.091763936
3015729,0,0,0.03573807
3016490,0,0,0.03244011
2999234,0,0,0.0038795846
3011797,0,0,0.28708577
3015287,0,0,0.010387192
3013989,0,0,0.04358214
3015126,0,0,0.007353536
3002803,0,0,0.012094709
3011399,0,0,0.008375149
2998479,0,0,0.05587247
3005684,0,0,0.010526885
3008311,0,0,0.010466494
3010341,1,0,0.21476857
2993226,0,0,0.06631623
3003817,0,0,0.0011258171
2996870,0,0,0.0025124217
2988448,0,0,0.027739234
3000157,0,0,0.0032836916
2989485,0,0,0.0040280106
3003241,0,0,0.0025773663
3001913,0,0,0.019880695
2988394,0,0,0.0019337097
2998650,0,0,0.02379403
2991248,0,0,0.005210809
2994376,0,0,0.013312521
2990460,0,0,0.006996367
2991921,0,0,0.0050703217
3018290,0,0,0.018220281
3000540,0,0,0.0032236425
2987174,0,0,0.002190489
3007241,0,0,0.010343043
2994593,0,0,0.006649318
2991935,0,0,0.0046792123
3010784,0,0,0.0048485124
3004736,0,0,0.009835473
2998029,0,0,0.0045040613
2996267,0,0,0.0104788365
3004861,0,0,0.0029972072
2991557,0,0,0.018638514
3012475,0,0,0.0016510204
2995783,1,1,0.39654133
2989546,0,0,0.025633153
2998370,0,0,0.006995374
3011243,0,0,0.0059453705
3014638,0,0,0.004176227
3013729,0,0,0.00747644
3015307,0,0,0.0067047905
3003615,0,0,0.011870273
2987511,0,0,0.0018376093
2991290,0,0,0.028126517
3013165,0,0,0.010616945
3009491,0,0,0.007957153
3002318,0,1,0.7942724
2990370,0,0,0.0066407165
3002854,0,0,0.00076316757
3009965,0,0,0.0076395962
3015496,1,0,0.10391704
3018632,0,0,0.0014394452
2991206,0,0,0.02435166
2992768,0,0,0.013055557
3000453,0,0,0.021660106
3007575,0,0,0.0023535173
3009076,0,0,0.006749659
3017532,0,0,0.017600184
3001720,0,0,0.008645064
3008085,0,0,0.007978565
3014574,0,0,0.0032371862
2987522,0,0,0.009026475
2997800,0,0,0.001998947
2999720,0,0,0.015297331
3014589,0,0,0.002312742
3010724,0,0,0.0020651803
3004342,0,0,0.011050425
3014239,0,0,0.0050916113
3004780,0,0,0.0019723694
3007330,0,0,0.00838117
2995396,0,0,0.011228583
3017152,0,0,0.014554813
2996154,0,0,0.020880263
3012574,0,0,0.007091068
3011973,0,0,0.027348673
3004942,0,0,0.11318025
2995753,0,0,0.014453312
3002626,0,0,0.0018973805
3008749,0,0,0.012300746
2996264,0,0,0.0048931427
3010250,0,0,0.022373734
3003833,0,0,0.023616627
3001281,0,0,0.009912851
3017927,0,0,0.027718486
3003278,0,0,0.0017608855
3012104,0,0,0.0135692
3011213,0,0,0.002940336
3009499,0,0,0.0019930152
3015433,0,0,0.00665967
3002744,0,0,0.021927759
2990304,0,0,0.05968585
3018272,0,0,0.0133193
2994026,0,0,0.0025969702
2991828,0,0,0.0036717919
3005985,0,0,0.0020004525
3000181,0,0,0.0029305664
2988157,0,0,0.047856033
3012007,0,0,0.013970417
2999778,0,0,0.0029092375
2988711,0,0,0.11140941
2987500,0,0,0.0028969187
2999262,0,0,0.0031586124
3014578,0,0,0.13487425
3000866,0,0,0.046711016
3008931,0,0,0.0018383852
3001097,0,0,0.010290632
3016183,0,0,0.0055668806
3011919,0,0,0.103375025
2990213,0,0,0.020981874
2998245,0,0,0.0028669555
3001654,0,0,0.008455052
3017493,0,0,0.010292832
3008536,0,0,0.0038273877
3008804,0,0,0.006434498
2996855,0,0,0.0029478003
3003286,0,0,0.0017301283
3006896,0,0,0.0021603764
2997275,0,0,0.008964502
2987585,0,0,0.0028676547
3010713,0,0,0.0052741393
3002918,0,0,0.0071609174
3003929,0,0,0.015360364
3010989,0,0,0.001936562
2993324,0,0,0.0022857254
2997328,0,0,0.0030492798
2999810,0,0,0.23538555
3018748,0,0,0.006329894
2996885,0,0,0.0038528831
2987942,0,0,0.018016007
3018303,0,0,0.0028665273
2998379,0,0,0.03282059
3011114,0,0,0.0056811213
2996054,0,0,0.0062024295
3010743,0,0,0.006439887
3005395,0,0,0.0009945626
3002105,0,0,0.0022494134
2996394,0,0,0.012499337
3011834,0,0,0.009547118
2993172,0,0,0.0076097646
2988267,0,0,0.006509121
2998513,0,0,0.003319169
3004562,0,0,0.15979563
2995506,0,0,0.07690709
2987064,0,0,0.033894613
3010988,0,0,0.0053225127
2988071,0,0,0.0030711025
3009663,0,0,0.01509846
3005620,0,0,0.0024885884
3003017,0,0,0.00889091
2989574,0,0,0.001497061
3013340,1,1,0.61211413
3001532,0,0,0.0117745465
3018361,0,0,0.0040484215
3017653,0,0,0.01480409
2991121,0,0,0.0019745445
3001740,0,0,0.01878273
3010234,0,0,0.12035788
3017108,0,0,0.0050285356
3003857,0,0,0.0025565908
3011933,0,0,0.0077575115
3011759,0,0,0.04285119
3010192,0,0,0.024905125
3014009,0,0,0.042498652
3009220,0,0,0.036886156
3007193,0,0,0.015899705
2987123,0,0,0.013077823
3015796,0,0,0.008297607
3001887,0,0,0.0047158306
3000782,0,0,0.025340524
3009953,0,0,0.042652886
2998867,0,0,0.008891305
2993451,0,0,0.0085003
3001360,0,0,0.0047085085
3007649,0,0,0.0019631307
3013241,0,0,0.019958418
3013675,0,0,0.010977926
2994983,0,0,0.008615173
3012393,0,0,0.0013587563
3014410,0,0,0.020738352
3005238,0,0,0.0045496584
3000113,0,0,0.0072405846
2999093,0,0,0.0021572763
3013640,0,0,0.0047800355
3002231,0,0,0.013805956
3004842,0,0,0.0060200198
3005763,0,0,0.003199529
2989518,0,0,0.0021781963
2994224,0,0,0.010978992
2996187,0,0,0.0032291017
2995404,0,0,0.013414105
3010913,0,0,0.0065541663
2990543,0,0,0.004770457
3006689,0,0,0.0012698584
2996710,0,0,0.0033549056
2990226,0,0,0.0019520238
3007654,0,0,0.0011967592
3009665,0,0,0.04798664
3010814,0,0,0.0049910806
3018725,0,0,0.044200867
2997587,0,0,0.010200742
2988782,0,0,0.0041583977
3018529,0,0,0.018101553
2993308,0,0,0.008826093
2993448,0,0,0.0157524
2995073,0,0,0.055228528
3005746,0,0,0.0061255647
2990144,0,0,0.0053670034
3016141,0,0,0.018646082
2999874,0,0,0.006410724
2999847,0,0,0.0013498468
2996220,0,0,0.004066554
3001246,0,0,0.004726489
2989793,0,0,0.003993693
3006685,0,0,0.0034955896
2990182,0,0,0.012629664
2994340,0,0,0.010947113
3003327,0,0,0.06634022
2996772,0,0,0.00669967
3000295,0,0,0.0064615705
2990616,0,0,0.0029368487
3013938,0,0,0.0053261947
3014339,0,0,0.04493406
2997186,0,0,0.0047039813
2989339,0,0,0.008675723
2991468,0,0,0.28651825
3018664,0,0,0.02414326
3003031,0,0,0.001723992
3016803,0,0,0.0030495017
2994109,0,0,0.004073367
3007244,0,0,0.0025652081
3011276,0,0,0.0030007386
2994035,0,0,0.0073265578
3000015,0,0,0.005305228
2989459,0,0,0.0146299545
2998502,0,0,0.010231904
2999400,0,0,0.004399004
3009498,0,0,0.014494715
3003085,0,0,0.0016398091
2987015,0,0,0.0020623363
3004453,0,0,0.032852776
2997730,0,0,0.018421391
3011352,0,0,0.0043595913
3009098,0,0,0.0051214495
3008699,0,0,0.005942745
3017781,1,1,0.97161
2987265,0,0,0.012245757
2988353,0,0,0.0010368594
2987769,0,0,0.0051935646
2989521,0,0,0.014046744
3004375,0,0,0.005476841
2995282,0,0,0.010883128
3008716,0,0,0.0012357745
2987346,0,0,0.0033620957
3009832,0,0,0.0057989354
3015560,0,0,0.003348413
2999760,0,0,0.005342341
3002196,0,0,0.008397267
3013059,0,0,0.015917622
3000346,0,0,0.004885093
2996788,1,1,0.5820443
3007528,0,0,0.021443263
3014342,0,0,0.0029623245
3016280,0,0,0.049379084
3004904,0,0,0.0051687704
2998394,0,0,0.001892987
2995429,0,0,0.06567365
2987343,0,0,0.0047748825
2993457,0,0,0.005306421
2993345,0,0,0.0026041884
2998473,0,0,0.020232012
3011913,0,0,0.012949203
2989979,0,0,0.0027707824
2996754,0,0,0.028057633
3002000,0,0,0.0042024436
3003905,0,0,0.0029135577
2994979,0,0,0.0097006215
3015882,0,0,0.0021962519
2988625,0,0,0.0010490782
3001446,0,0,0.19065556
3001695,0,0,0.005235508
2992258,0,0,0.0024560147
3016921,0,0,0.001415994
2996348,0,0,0.002107346
2996771,0,0,0.003421351
2995540,0,0,0.0053905468
2991280,0,0,0.010983404
2991870,0,0,0.012579215
2996180,0,0,0.0100379875
3009430,0,0,0.00795445
3009414,0,0,0.041842457
3010891,0,0,0.0057388786
3018323,0,0,0.011688734
2995185,0,0,0.0038298576
3002999,1,0,0.029568946
3010315,0,0,0.0034968841
3013020,0,0,0.02867727
3010987,1,1,0.92839503
2994529,0,0,0.0049150325
3013551,0,0,0.007011221
3008987,0,0,0.019853257
3007761,0,0,0.005455543
2998536,0,0,0.008086705
2992880,0,0,0.003937473
3003143,0,0,0.010907115
2997340,0,0,0.21687531
2999568,0,0,0.0018074655
2994940,0,0,0.008603586
2990475,0,0,0.0047133267
2989224,0,0,0.027073799
3011273,0,0,0.012066085
2996875,0,0,0.0067317192
3018081,0,0,0.01907986
3016675,0,0,0.0020031598
3009077,0,0,0.026453039
3015621,0,0,0.0038259951
3012660,0,0,0.010242471
3000618,0,0,0.0085128965
2989693,0,0,0.036661077
3000214,0,0,0.009901859
3008554,0,0,0.015614591
2995836,0,0,0.0049925633
2988529,0,0,0.0060439687
2999001,0,0,0.010163405
3012001,0,0,0.011276622
3004567,0,0,0.007899204
2989234,0,0,0.06476702
3004117,0,0,0.006922262
2997796,0,0,0.0028068707
2993626,0,0,0.007969666
2993221,0,0,0.008698251
3006979,0,0,0.15431413
2989880,0,0,0.011583748
3000814,0,0,0.004266287
2995092,0,0,0.015001509
3002205,0,0,0.008411868
3009839,0,0,0.0055790525
2994892,0,0,0.0063474514
2994385,0,0,0.0032464943
2994261,0,0,0.007013014
3005662,0,0,0.021881972
3016217,0,0,0.009551732
2999788,0,0,0.01614994
3012467,0,0,0.022043888
3002094,0,0,0.0093329325
3003641,0,0,0.013128002
2988557,0,0,0.0028227845
2998387,0,0,0.0026515282
3018026,0,0,0.0019001386
3017409,0,0,0.0101834
3006241,0,0,0.0031632443
3014655,0,0,0.0025056945
3011043,0,0,0.018683227
2991554,0,0,0.018480191
3016808,0,0,0.007534972
3011725,0,0,0.001587736
3003698,0,0,0.067927286
2997580,0,0,0.004131617
3011612,0,0,0.0076040844
3014687,0,0,0.023712244
3017135,0,0,0.00801982
2992006,0,0,0.009831657
3013139,0,0,0.0044071437
3004688,0,0,0.0038132693
2998055,0,0,0.0024820678
2992348,0,0,0.003265023
3011248,0,0,0.0048575397
3004154,0,0,0.0017795134
2991041,0,0,0.022553533
2987605,0,0,0.003701396
2991859,0,0,0.02350676
3017955,0,0,0.012788965
3008756,0,0,0.006483541
3014403,0,0,0.008052711
3007734,0,0,0.0021874292
2997647,0,0,0.27507663
3002974,0,0,0.023467809
3010788,0,0,0.04691006
2992828,0,0,0.14713149
2988790,0,0,0.0030073167
2992572,0,0,0.0042191865
2993959,0,0,0.0013210488
3017265,0,0,0.030819114
2995470,0,0,0.0048235767
2997401,0,0,0.054758716
3008704,0,0,0.005221218
3017321,0,0,0.0021802876
2988354,0,0,0.0029941155
3015572,0,0,0.026275028
3002150,0,0,0.0031838
2992081,1,0,0.1323564
2989561,0,0,0.0069554676
3007869,0,0,0.003341722
2990296,0,0,0.025110913
3010821,0,0,0.024961663
3005730,0,0,0.0080425935
2987166,0,0,0.021747816
2997613,0,0,0.031703375
3003418,0,0,0.011494976
2999864,0,0,0.03859334
3009640,0,0,0.0017622061
2993858,0,0,0.009295194
3002382,0,0,0.0010441347
3014260,0,0,0.0030451862
3007610,0,0,0.034889333
3006164,1,1,0.9877555
3014642,1,0,0.18947425
3017692,0,0,0.0015827707
2988804,0,0,0.0021365841
2999618,0,0,0.014575057
2990552,0,0,0.0038369885
2988368,0,0,0.0054606316
3006211,0,0,0.004806255
3013871,0,0,0.0017543104
3008485,0,0,0.00762305
3009406,0,0,0.026301922
2989555,0,0,0.016794976
3018717,0,0,0.003512221
2994796,0,0,0.003082448
3018038,0,0,0.01260459
2989606,0,0,0.008464964
2988264,0,0,0.017719036
3016767,1,1,0.75910264
3007205,0,0,0.0009370566
3003462,0,0,0.004431537
3017567,0,0,0.02195589
3010698,0,0,0.014924208
2990527,0,0,0.0061097057
3004419,0,0,0.002531634
3008002,0,0,0.0009971082
2998976,0,0,0.013670684
3015898,0,0,0.034214586
3006192,0,0,0.0061539835
3015339,0,0,0.0013117571
3018032,0,0,0.007874166
2991774,0,0,0.0058271536
3007794,0,0,0.00565159
3000781,0,0,0.003227607
2996460,0,0,0.0010616498
2991144,0,0,0.03462114
2988255,0,0,0.0071798456
3017719,0,0,0.22972634
3005089,0,0,0.008371966
3005472,0,0,0.004080517
3010237,0,0,0.0016347334
2991603,0,0,0.017687568
3015633,0,0,0.011781868
3017469,0,0,0.041594554
2992988,0,0,0.0070366794
3013217,0,0,0.006480746
3004255,0,0,0.0025579908
3002985,0,0,0.0075674797
3009627,0,0,0.0039324886
2991127,0,0,0.002951639
2989814,0,0,0.024251495
3009260,0,0,0.0049475376
2988434,0,0,0.005075383
3013473,0,0,0.0032508671
2995504,1,1,0.8127845
2995607,0,0,0.010841615
2989492,0,0,0.0040493426
2997816,0,0,0.01337335
2993265,0,0,0.005219254
3012768,0,0,0.0030592273
2996222,0,0,0.004166992
2995210,0,0,0.014193133
2998190,0,0,0.0065549924
3010117,0,0,0.046705995
3011966,0,0,0.00230887
2996801,0,0,0.0044077355
3016807,0,0,0.028952993
2996041,1,0,0.023712233
2997133,0,0,0.025690489
3005856,0,0,0.023216141
3018276,0,0,0.0059963013
3012091,0,0,0.01601301
3000685,0,0,0.07457371
3000943,0,0,0.04697254
2993074,0,0,0.0076928036
3016599,0,0,0.002920181
2992436,0,0,0.0032673515
3018549,0,0,0.08435696
3014804,0,0,0.0031869642
3002587,0,0,0.011339161
3013751,0,0,0.0036331736
2993350,0,0,0.026278045
3007005,0,0,0.002905979
3014852,0,0,0.0083817495
3006391,0,0,0.01684936
3005324,0,0,0.0015166288
3010596,0,0,0.003799506
3017665,0,0,0.01464329
3001874,0,0,0.007120283
3009171,0,0,0.004003933
3018154,0,0,0.0033551892
3008387,0,0,0.0069973916
3001811,0,0,0.12499367
3002053,0,0,0.0027929167
2987320,0,0,0.0039251233
3016590,0,0,0.02771477
2989718,0,0,0.008934559
3008483,0,0,0.017614866
2990112,0,0,0.0029046682
3008623,0,0,0.0019557024
3005551,0,0,0.002725527
2991825,0,0,0.007899649
3009856,0,0,0.0047644796
3010670,0,0,0.092699654
2992810,0,0,0.004325524
3015151,0,0,0.039557155
2992345,0,0,0.013027417
3015412,0,0,0.036087085
2987919,0,0,0.0038236282
3015228,0,0,0.007001325
2994763,0,0,0.0049681324
2994086,0,0,0.005998311
3003074,0,0,0.021371152
3002107,0,0,0.008003415
3002350,0,0,0.052539036
3012165,0,0,0.015545772
3005234,0,0,0.010333252
3015717,0,0,0.010110048
3008772,0,0,0.019597467
2990267,0,0,0.006053662
3002695,0,0,0.0037438588
3003851,0,0,0.012164588
3009753,0,0,0.013309133
2997297,0,0,0.0019610426
3018159,0,0,0.019195532
3017878,0,0,0.013296239
2988007,0,0,0.025795843
3011280,0,0,0.004553614
3009811,0,0,0.006020494
3013456,0,0,0.030124707
3001643,0,0,0.0030192453
3012778,0,0,0.021072209
3015939,0,0,0.0030880854
2999986,0,0,0.015019432
2996369,0,0,0.0035361112
2988006,0,0,0.016941361
3013528,0,0,0.0019004516
2997668,0,0,0.0044427426
2995615,0,0,0.011798896
2991191,0,0,0.020343145
2993227,0,0,0.002853842
3000484,0,0,0.0015838705
2987505,0,0,0.007701388
3014976,0,0,0.029181622
2990367,0,0,0.01575276
3012729,0,0,0.0016154852
3013811,0,0,0.003938455
3008721,0,0,0.009235534
2990330,0,0,0.0069807717
2989071,0,0,0.0021232076
2992904,0,0,0.008279323
2988237,0,0,0.0019100787
3012126,0,0,0.00644155
3004515,0,0,0.0028315801
3009106,0,0,0.0055525443
3006400,0,0,0.0032663157
2991999,0,0,0.0032975369
3000393,1,0,0.0150396265
2994742,0,0,0.0024955596
3016847,0,0,0.064295635
2987725,0,0,0.0032727055
2992761,0,0,0.0027453299
2989460,0,0,0.009975462
3015255,0,0,0.0023084031
3012389,0,0,0.011046851
3006941,0,0,0.004867965
3010990,0,0,0.006269463
3001691,0,0,0.15860137
2987912,0,0,0.040788654
3008255,0,0,0.013094494
3017448,0,0,0.010308962
2993329,0,0,0.026175594
3018701,1,1,0.9558809
2995397,0,0,0.13759694
3006680,0,0,0.00992468
2988194,0,0,0.024005359
2993559,0,0,0.011299671
3009446,0,0,0.0083438195
3000390,0,0,0.0029528262
3016936,0,0,0.021980714
2995431,0,0,0.06057199
2991802,0,0,0.03552134
3002480,0,0,0.010328118
3008885,0,0,0.01479075
2992326,0,0,0.0031690625
2993264,0,0,0.00091086974
2992560,0,0,0.00857998
2994192,0,0,0.006981618
2989387,0,0,0.004755376
3004618,0,0,0.006520713
3004114,0,0,0.0028013387
3001067,0,0,0.003101821
3015582,0,0,0.010085915
2995559,0,0,0.0057700314
2994427,0,0,0.048062265
2995655,0,0,0.034313172
2989749,0,0,0.0036421122
3004277,0,0,0.001023527
3005280,0,0,0.01364526
3016636,0,0,0.0525249
3008300,0,0,0.010890615
3010794,0,0,0.012412534
2992571,0,0,0.0046882886
2998569,0,0,0.004809422
2992026,0,0,0.0023095182
3013802,0,0,0.015050197
3006058,0,0,0.036483973
3011881,0,0,0.002440894
2996323,0,0,0.0035547684
2999819,0,0,0.0034878268
2997950,0,0,0.0051344987
3001277,0,0,0.0054882774
3014141,0,0,0.010103708
3012400,0,0,0.0021721087
2993956,0,0,0.019272914
2997407,0,0,0.024459012
2988838,0,0,0.0040795463
2999667,0,0,0.0033909706
3004752,0,0,0.18318681
3015783,0,0,0.0058397115
3015470,0,0,0.005801256
2990591,0,0,0.0014259395
2990907,1,1,0.4146306
3011020,0,0,0.008482801
3007686,0,0,0.004694973
3003260,0,0,0.012665116
3012418,0,0,0.0040188045
3009384,0,0,0.007595417
3008565,0,0,0.003494831
3010820,0,0,0.019500623
2988842,0,0,0.0068762153
2988708,0,0,0.040200625
2989944,0,0,0.003403827
3013095,0,0,0.011267763
2999949,0,0,0.030599505
2993276,0,0,0.011985574
2999287,0,0,0.003305789
3004578,0,0,0.048935607
3001100,0,0,0.007947286
2993736,0,0,0.001039882
3002186,0,0,0.008121958
2992698,0,0,0.004784954
2991136,0,0,0.007854024
2997393,0,0,0.033950157
3003308,0,0,0.014510267
3016850,0,0,0.0040919776
2988505,0,0,0.003782199
3011741,1,1,0.98222363
2996839,0,0,0.0020454417
2992446,0,0,0.012329612
2993280,0,0,0.010235898
2988885,0,0,0.0036339557
3005100,0,0,0.053849887
2991151,0,0,0.018046875
3000097,0,0,0.025070164
3010185,0,0,0.009710943
3007287,0,0,0.0030372737
3006493,0,0,0.038406212
3011058,0,0,0.0033093367
3001770,0,0,0.0026487894
3015198,0,0,0.005838364
3001634,0,0,0.018100394
3003694,0,0,0.010601599
3009861,0,0,0.006998183
3003822,0,0,0.004594954
3000749,0,0,0.12533322
3015774,0,0,0.0044507496
3004129,0,0,0.008842385
2999285,0,0,0.0034787299
2988234,0,0,0.021141369
3010950,0,0,0.0034274727
3002672,0,0,0.021592408
3000816,0,0,0.0065006595
3004889,0,0,0.0045340434
2988352,0,0,0.001786828
2999589,0,0,0.0038814573
3018661,1,1,0.49095038
3015238,0,0,0.004746155
3018213,0,0,0.2177776
3001274,0,0,0.003413413
2999180,0,0,0.0058088927
2992259,0,0,0.009342545
3011416,0,0,0.002543687
3013844,0,0,0.006029103
3010795,0,0,0.04635708
3015466,0,0,0.0051724105
3000880,0,0,0.036958907
3002255,0,0,0.005189314
3013653,0,0,0.002634801
3002600,0,0,0.0037703644
2997746,0,0,0.007886457
3005158,0,0,0.010693359
2992213,0,0,0.01676244
2988545,0,0,0.009580773
3011888,0,0,0.0075753266
3014938,0,0,0.0056671747
2997936,0,0,0.0049757166
3003583,0,0,0.022344053
2998639,0,0,0.0043549845
3004600,0,0,0.0020376309
2997448,0,0,0.004481074
3010896,0,0,0.0075132647
3005740,0,0,0.013579193
3018695,0,0,0.0051570563
2995791,0,0,0.009505209
3006954,0,0,0.012570558
3000748,0,0,0.043127988
3000272,1,0,0.104555406
3006653,0,0,0.028943691
2989985,0,0,0.016120479
3015452,0,0,0.13662754
3001236,0,0,0.004731541
3015364,0,0,0.19849955
2997299,0,0,0.017741833
2997354,0,0,0.02346246
3017377,0,0,0.0043692035
3018747,0,0,0.0078566475
2994857,0,0,0.0034155466
3003212,0,0,0.0042550093
3013820,0,0,0.0054591605
3003519,0,0,0.0060394015
3015358,0,0,0.0020223006
3014496,0,0,0.031586394
2993811,0,0,0.053996086
3011390,0,0,0.004074365
3001904,0,0,0.0017327104
3004823,0,0,0.026992965
3017239,0,0,0.014091549
3015510,0,0,0.0018038421
2998525,0,0,0.0017437629
2989853,0,0,0.017895894
3012112,0,0,0.0030413826
3012872,0,0,0.0020194289
2988611,0,0,0.001289445
3003607,0,0,0.010213565
3006096,0,0,0.0010350099
2995403,0,0,0.007958971
2989435,0,0,0.00559828
2996248,0,0,0.006988815
2988418,0,0,0.028472528
2993195,0,0,0.00474472
3004394,0,0,0.13534507
3010077,0,0,0.005258118
3017982,0,0,0.006939292
2989434,0,0,0.018033486
2992794,1,0,0.14941184
3007317,0,0,0.016068468
3001741,0,0,0.012723564
3002043,0,0,0.0027354273
3014988,0,0,0.0015005626
3008724,0,0,0.009477599
2989202,0,0,0.019958137
2987474,0,0,0.028992835
2996914,0,0,0.00507248
3017304,0,0,0.009833189
3010161,0,0,0.01857357
3005886,0,0,0.013003239
3012514,0,0,0.0082670655
3004368,0,0,0.007683029
2989822,0,0,0.014495709
2990316,0,0,0.012805851
3006749,0,0,0.12889442
3018442,0,0,0.0136520965
3017293,0,0,0.0026851478
3016198,0,0,0.0014352567
3017185,0,0,0.0037784423
3006531,0,0,0.013718506
2990175,0,0,0.010244487
2998968,0,0,0.0013507329
2993198,0,0,0.002860568
3004519,0,0,0.0009193075
2993425,0,0,0.004558952
3012504,0,0,0.019838996
2987047,0,0,0.0058406806
3006451,0,0,0.13974892
2994927,0,0,0.00312962
2989468,0,0,0.0026281506
3009664,0,0,0.0032081523
2998104,0,1,0.540726
3018685,0,0,0.0065344744
3015855,0,0,0.002052407
2995252,0,0,0.009923892
2990849,0,0,0.009568632
3017501,0,0,0.0022381
3016760,0,0,0.002596491
3004691,0,0,0.03387731
2989882,0,0,0.004641099
3013567,0,0,0.0035297493
3010433,0,0,0.001892651
2992681,0,0,0.014588424
3017535,0,0,0.01622082
3015874,0,0,0.03366319
3008679,0,0,0.12563841
2988877,0,0,0.015554764
2988594,0,0,0.005438656
3008177,0,0,0.009154225
3008054,0,0,0.0018964065
3001466,0,1,0.33990133
2989963,0,0,0.003982928
2994545,0,0,0.0024824184
3009425,0,0,0.01852494
2987456,0,0,0.007307951
2999080,0,0,0.03257092
3017631,0,0,0.0047946344
3005993,0,0,0.0035986346
3014372,0,0,0.0036268514
3015872,0,0,0.0037275902
2987132,0,0,0.01147343
3002527,0,0,0.016232686
2989668,0,0,0.0013136294
3014195,0,0,0.0051059066
2988534,0,0,0.007018987
3018625,0,1,0.58401424
3014525,0,0,0.0734374
3006010,0,0,0.0046861777
3016460,0,0,0.0018439972
3000810,0,0,0.0011920535
3018789,0,0,0.0077124415
3010398,0,0,0.016409589
3009381,0,0,0.0027032606
3010445,0,0,0.013555931
2995177,0,0,0.006670744
3016989,0,0,0.00347657
2996919,0,0,0.023105871
3018227,0,0,0.013640941
3004355,0,0,0.0067922603
2998720,0,0,0.013857235
3005230,1,0,0.09490218
3005674,0,0,0.0062500373
2990509,0,0,0.026973953
3007804,0,0,0.0037575124
2996929,0,0,0.0023712881
2995492,1,0,0.20858303
2988944,0,0,0.0072119967
3014652,0,0,0.0076100784
2994670,0,0,0.020490024
3008472,0,0,0.034658756
3017862,0,0,0.0061891084
2987648,0,0,0.0056695263
3002490,0,0,0.005797286
2988017,0,0,0.002001495
3011047,0,0,0.010034595
3016942,0,0,0.0067208274
2997951,0,0,0.017774086
3008913,0,0,0.036622416
3012500,0,0,0.017844778
2988833,0,0,0.005326475
2994970,0,0,0.008597585
3014943,0,0,0.005781606
2999264,0,0,0.0036552018
3007516,0,0,0.002403962
3002807,0,0,0.0041110087
3016162,0,0,0.0024627482
2992923,0,0,0.0041599637
3002400,0,0,0.02905017
2987800,0,0,0.004550607
3006440,0,0,0.0016216555
3005784,0,0,0.0092419805
3010180,0,0,0.015388965
2989437,0,0,0.0061032027
3015163,0,0,0.011649854
3018548,0,0,0.0142410295
3015912,1,1,0.9831319
2988059,0,0,0.0026993477
2990934,0,0,0.0067824977
3002407,0,0,0.0046350677
3004172,0,0,0.013023909
2991278,0,0,0.0087792
3007295,0,0,0.0028425392
3014673,0,0,0.001836539
2988314,0,0,0.010470627
3013930,0,0,0.0036071627
2997162,0,0,0.008609925
3000058,0,0,0.0011440793
3006706,0,0,0.004237678
2987778,0,0,0.00790679
2991130,0,0,0.0028028456
3007582,0,0,0.002157157
2994522,0,0,0.007474926
3013966,0,0,0.0038350278
2992605,0,0,0.0039072484
3005088,0,0,0.016181663
2988272,0,0,0.008258758
3013125,0,0,0.009537946
3005299,0,0,0.007985169
3012638,0,0,0.003802171
2990548,0,0,0.03145659
2996681,0,0,0.015699869
2992847,0,0,0.008586179
2998335,0,0,0.021130705
3017249,0,0,0.0010067703
3001373,0,0,0.011513032
3013908,0,0,0.0073485705
3007226,0,0,0.009204824
3016342,0,0,0.108657986
2996198,0,0,0.008321565
3004472,0,0,0.0015868149
3009799,0,0,0.008641685
3003802,0,0,0.0030834826
3010569,0,0,0.006874106
3017796,1,0,0.0095441565
3016066,0,0,0.023008516
3011459,0,0,0.030584568
3011117,0,0,0.026187435
3014298,0,0,0.005056128
2998346,0,0,0.0027456237
3001693,0,0,0.0028567705
3008386,0,0,0.0068775997
3017069,0,0,0.010006921
2989304,0,0,0.009690353
2987182,0,0,0.00951505
3006503,1,0,0.0025923883
3013760,0,0,0.010007347
2987027,0,0,0.0035711078
2997925,1,1,0.65726984
3017234,0,0,0.06897902
2988959,0,0,0.0016478089
3011262,0,0,0.0070112413
3016230,0,0,0.018955301
3010053,0,0,0.0025562404
2988179,0,0,0.0012896814
3008551,0,0,0.0049418365
3016855,0,0,0.003480628
3009737,0,0,0.0024687767
3011865,0,0,0.0020879128
2998847,0,0,0.0023745233
3009032,0,0,0.027157482
3013101,0,0,0.006307125
3016032,0,0,0.029276678
3014846,0,0,0.0065630395
3002826,0,0,0.03775013
3016836,0,0,0.03370733
3003077,0,0,0.018149385
3010423,0,0,0.0017192994
3008882,1,0,0.060106847
3007008,0,0,0.0024174477
3018412,0,0,0.019585378
3003395,0,0,0.010639261
3005220,0,0,0.017337944
2992110,0,0,0.0029037914
2992731,0,0,0.00156737
3016472,0,0,0.0043183095
3006661,0,0,0.011045345
3000985,0,0,0.012881137
2988780,0,0,0.002400761
2993940,0,0,0.015953379
2995101,0,0,0.0031042576
3012552,0,0,0.038028628
2989265,0,0,0.004570741
3018092,0,0,0.0034510563
2999649,0,0,0.002377254
3009509,0,0,0.023169339
2991875,0,0,0.0134524265
3018584,0,0,0.034101706
2997376,0,0,0.0095514795
2988820,0,0,0.005550483
3014020,0,0,0.039780196
3012958,0,0,0.010114697
3009901,0,0,0.0018644398
2997508,0,0,0.0049127317
3005428,0,1,0.6129912
3017494,0,0,0.008083943
3005321,0,0,0.0074040196
3005696,0,0,0.002229601
3016346,0,0,0.001173289
3018659,0,0,0.0034163245
2993789,0,0,0.0052594203
3001783,0,0,0.0040241443
3003584,0,0,0.0009410599
3007730,0,0,0.0106582865
3006646,0,0,0.007920691
3007375,0,0,0.0018756355
3011818,0,0,0.004513798
2998762,0,0,0.027657872
2993320,0,0,0.006449514
2997175,0,0,0.003652627
3009983,0,0,0.021177303
3017516,0,0,0.0005447512
2988587,0,0,0.007885543
3013068,0,0,0.011820426
3010157,0,0,0.018050352
2996943,0,0,0.06566138
3001796,0,0,0.013511224
3003990,0,0,0.0042553325
3008499,0,0,0.0017024638
3011870,0,0,0.025141235
2992953,0,0,0.008938926
2988984,0,0,0.017487628
3007075,0,0,0.026305854
3013992,0,0,0.0022455212
2989598,1,0,0.24756362
3008147,0,0,0.0039596907
2998469,0,0,0.026377633
2989426,0,0,0.0056911474
3010238,0,0,0.002319057
2999570,0,0,0.003183384
3014937,0,0,0.0043627634
3015744,0,0,0.095441185
2999000,0,0,0.0057455236
2987446,0,0,0.0036754203
3000401,0,0,0.009683075
3011558,0,0,0.01551047
2996114,0,0,0.0037997386
3012976,0,0,0.006238131
3002393,0,0,0.0072654393
3017473,0,0,0.06364204
2999319,0,0,0.08027419
2992398,0,0,0.007966147
3008299,0,0,0.04860668
3010718,0,0,0.0043788385
2997048,0,0,0.03449792
3012527,0,0,0.0030743554
3003859,0,0,0.00494265
2997868,1,0,0.05487847
3008114,0,0,0.003386159
3001971,0,0,0.0074895853
2997563,0,1,0.3901404
3013266,0,0,0.0014330188
3007038,0,0,0.027929
3003276,0,0,0.011296176
2994248,0,0,0.0062516364
3015794,0,0,0.0020954998
3013500,0,0,0.014143795
3004520,0,0,0.004540679
3009287,0,0,0.002092401
2992342,0,0,0.0061283694
2991496,0,0,0.115588285
3001909,0,0,0.013183484
3002180,0,0,0.0064797946
3009475,0,0,0.00086289836
3004501,0,0,0.03519134
3014429,0,0,0.10856176
2998042,0,0,0.03861901
3009364,0,0,0.09441341
2988974,0,0,0.0012816907
3006751,0,0,0.0030046015
2988480,0,0,0.006510423
3018094,0,0,0.028423047
3015513,0,0,0.0014184004
3005349,0,0,0.02465785
2993773,0,0,0.010621414
3011305,0,0,0.0039907787
3016614,0,0,0.008534928
3000199,0,0,0.008320604
3015158,0,0,0.007219221
2994136,0,0,0.014690577
2994891,0,0,0.012904161
3003339,0,0,0.0036708624
2993599,0,0,0.002342583
2988401,0,0,0.00546614
3013323,0,0,0.004050649
2994270,0,0,0.0064295465
2992577,0,0,0.008342881
2993378,0,0,0.0344793
3011782,0,0,0.00465134
2988212,0,0,0.0022586854
2988250,1,0,0.014528498
2999850,1,0,0.029525645
2992089,0,0,0.0038835981
3000647,0,0,0.005318243
3016615,0,0,0.01223096
3009889,0,0,0.007621726
3004030,0,0,0.0020479409
3003879,0,0,0.008099996
3002457,0,0,0.011919845
2989007,1,0,0.12236488
3013171,0,0,0.0054270234
3000385,1,0,0.0118332375
3005532,0,0,0.014749305
2996272,0,0,0.020422177
3015189,0,0,0.04169842
3001945,0,0,0.012048892
2999859,0,0,0.0011354798
3012870,0,0,0.0046507483
3017408,0,0,0.0026880098
3016698,0,0,0.003896634
2991296,0,0,0.0030756025
3002546,0,0,0.003053707
3005715,0,0,0.00475927
3011984,0,0,0.0042642765
3005828,0,0,0.006253613
2998638,1,1,0.70564467
2994764,0,0,0.007382694
2999270,0,0,0.002071772
2987384,0,0,0.0063903946
3005215,0,0,0.0062808003
3009054,0,0,0.019340605
3005774,0,0,0.0025970861
2993133,0,0,0.01255347
2992721,0,0,0.0026076338
3009903,0,0,0.0036647094
3008522,0,0,0.009202589
3002271,0,0,0.0035594548
2997720,0,0,0.08046448
3002408,0,0,0.010186918
3003291,0,0,0.0018725316
3009206,0,0,0.007993869
3006430,0,0,0.004752096
3002963,0,0,0.0022379945
2999370,0,0,0.004774513
3015646,0,0,0.0067701936
2993319,0,0,0.0076786387
2991403,0,0,0.004582574
2998318,0,0,0.0064602876
3012354,0,0,0.0066046156
3017967,0,0,0.0043054284
3006766,0,0,0.075594604
2987097,0,0,0.00550614
3018581,0,0,0.010349845
3006767,0,0,0.010008401
3014124,0,0,0.01613939
2989500,0,0,0.023900975
3018407,0,0,0.007781214
3017983,0,0,0.0015114178
2990973,0,0,0.0035064449
3000829,0,0,0.0019586
3001108,0,0,0.006438124
2988978,0,0,0.0049621887
3016927,0,0,0.010687524
3008886,0,0,0.027127111
3003183,0,0,0.011086899
3008162,0,0,0.0025669998
3011755,1,1,0.99230945
3006915,0,0,0.02231192
3018337,0,0,0.0025889345
3001922,0,0,0.019240651
2998197,0,0,0.009553243
2991789,0,0,0.02404931
2996043,0,0,0.0019194805
2996404,0,0,0.0072067133
3017855,0,0,0.006639263
3009490,0,0,0.005359164
3007586,0,0,0.008020294
2990937,0,0,0.0039886488
3002214,0,0,0.0018137859
3008359,0,0,0.0022041888
2997618,0,0,0.004515576
3018100,0,0,0.029100945
3005465,0,0,0.009473602
3000051,0,0,0.0020446125
2998084,0,0,0.021624375
3009084,0,0,0.011208033
3018196,0,0,0.0020061582
2999545,0,0,0.003944084
3002387,0,0,0.004872862
3017804,0,0,0.012519741
2995911,0,0,0.028255047
2987686,0,0,0.06069355
2988584,0,0,0.001490737
2999142,0,0,0.053923316
2994075,0,0,0.0063102674
2993409,0,0,0.00928771
3001155,0,0,0.0057313037
2995074,0,0,0.0058375057
3005973,0,0,0.010767717
3014108,0,0,0.0030865786
2990297,0,0,0.004168522
3013667,0,0,0.021092977
2988840,0,0,0.0021325082
3005077,0,0,0.014599225
2999976,0,0,0.006914072
3009180,0,0,0.19514595
3006730,0,0,0.003973315
3003904,0,0,0.010373139
2990121,0,0,0.044067476
2988061,0,0,0.0017960108
3017189,0,0,0.0032196522
3016458,0,0,0.004088171
2989338,0,0,0.023246842
2992530,0,0,0.006564837
3006822,0,0,0.005694867
2998740,0,0,0.0028113974
3012015,0,0,0.0015380679
3001420,0,0,0.015974337
2993831,0,0,0.0052322554
2993637,0,0,0.08604996
3011809,0,0,0.002616169
3002818,0,0,0.0039557437
2997492,0,0,0.010331711
2992037,0,0,0.005528929
3011530,0,0,0.0033940112
3001171,0,0,0.0030960152
2995395,1,1,0.9653067
3011704,0,0,0.0015592448
2997416,0,0,0.015105451
3012950,0,0,0.0014022426
3010898,0,0,0.014250417
2995618,0,0,0.0022810912
2992243,0,0,0.04515742
2995786,0,0,0.0067046504
2994003,0,0,0.008691539
2994325,0,0,0.007957985
3016608,0,0,0.0021832814
3011366,0,0,0.0011791325
3011287,0,0,0.010450667
3004981,0,0,0.005387112
2995075,1,1,0.9813141
2992137,0,0,0.006896284
2994237,0,0,0.0021075637
2994342,0,0,0.018241182
3007452,0,0,0.0018214181
3016285,0,0,0.004740912
3001742,0,0,0.012230273
3015425,0,0,0.004959239
3015356,0,0,0.00406327
3009598,0,0,0.007717581
3018626,0,0,0.008549798
3018183,0,0,0.0050355326
2999415,0,0,0.0035473646
2989095,0,0,0.0038431627
2994829,0,0,0.0062086377
3005571,0,0,0.0342146
3006561,0,0,0.0021529212
3004026,0,0,0.04169718
2989172,0,0,0.0011486133
2988117,0,0,0.055759102
2991829,0,0,0.006373528
2992859,0,0,0.008631414
3016388,0,0,0.0076283473
3004326,0,0,0.003827239
2990706,1,1,0.78910476
3006610,0,0,0.0034919875
2999308,0,0,0.012513034
3001146,0,0,0.0045873267
2995259,0,0,0.031034043
3015362,0,0,0.06997364
3010909,0,0,0.032983765
2999205,0,0,0.02062201
2990420,0,0,0.0017507618
3002746,0,0,0.09482739
3017772,0,0,0.0036429844
2991146,0,0,0.015032663
3006638,0,0,0.005349593
2997473,0,0,0.008812625
2996064,0,0,0.0036808304
3011379,0,0,0.010162773
2993624,0,0,0.0139191495
2994882,0,0,0.0013465246
2989537,0,0,0.020901578
3009593,0,0,0.006117082
3001589,0,0,0.00097329245
3016404,1,0,0.05492219
3018480,0,0,0.22686036
2996853,0,0,0.001169932
3010556,0,0,0.010636622
2993076,0,0,0.038038816
3002124,0,0,0.00422428
3005616,0,0,0.003263549
3003018,0,0,0.012963704
2997177,0,0,0.003971332
2987664,0,0,0.045021355
3017616,0,0,0.110739976
3014517,0,0,0.008555604
2997042,0,0,0.005339033
3007709,0,0,0.0053279456
3011004,1,1,0.9941381
3013627,0,0,0.0031789928
2990174,0,0,0.04147462
3011205,1,0,0.026510341
3003250,0,0,0.023111474
3002447,0,0,0.008179689
3014850,0,0,0.0046781222
3000289,0,0,0.0011510338
3008469,0,0,0.004044876
2997150,0,0,0.0083899535
3013191,0,0,0.0091962265
2999596,0,0,0.009865397
3015574,0,0,0.005195669
3011643,0,0,0.007581111
3011862,0,0,0.0096501075
3003329,0,0,0.0032680987
3014554,0,0,0.008829723
3016700,0,0,0.0060303435
2988102,0,0,0.005653769
2992826,0,0,0.0039675073
3013294,0,0,0.005665705
3009758,0,0,0.0005968076
3017336,0,0,0.025734281
3010664,0,0,0.02140598
3003861,0,0,0.0027040616
3017160,0,0,0.022136088
2995025,0,0,0.002616169
3011765,0,0,0.006848313
2995464,0,0,0.0040830467
2993568,0,0,0.014570161
3003324,0,0,0.015674438
2988650,0,0,0.03012771
2988273,0,0,0.036880635
3013146,0,0,0.056919023
3002927,0,0,0.008482572
3010293,0,0,0.017318377
3011682,0,0,0.007266158
3011683,0,0,0.001593313
3000271,0,0,0.009770839
3011253,0,0,0.007991944
3001501,0,0,0.0046824403
3017489,0,0,0.0038295807
2993282,0,0,0.005351565
2993454,0,0,0.008068278
2990390,0,0,0.009066314
3005587,0,0,0.004123751
3010360,0,0,0.003563401
3014474,0,0,0.0037564395
3017806,0,0,0.0072213886
2988420,0,0,0.0009920908
2994381,0,0,0.0064503695
3014159,0,0,0.0039539835
3004523,0,0,0.0024418787
3011840,0,0,0.00495067
3006413,0,0,0.009378394
3013097,0,0,0.0033657535
3018532,0,0,0.0026991577
2988569,0,0,0.0023780467
2994091,0,0,0.0040273773
2997058,0,0,0.0030990178
2998615,0,0,0.018853918
3005922,0,0,0.005503965
2990111,0,0,0.0045889756
3002338,0,0,0.0040364116
2992400,0,0,0.009949158
2997760,0,0,0.017930372
3008138,0,0,0.004074274
3004338,0,0,0.010152675
2999536,0,0,0.0038231777
3009435,0,0,0.0049420893
2998907,0,0,0.0031669694
2987009,0,0,0.006848819
2990848,0,0,0.002479545
3005870,1,0,0.042218447
3015036,0,0,0.008487538
3018056,0,0,0.009663104
2994266,0,0,0.059664384
2994286,0,0,0.06466753
2997918,0,0,0.023703381
3001744,0,0,0.017744102
3018122,0,0,0.0067990385
3016871,0,0,0.0017279225
3003155,0,0,0.008629018
3007316,1,0,0.11064481
2997428,0,0,0.009017011
2992737,1,0,0.11498143
3003632,0,0,0.0058542467
2997713,0,0,0.019993214
2990090,0,0,0.00268259
2991019,0,0,0.003301308
3013249,0,0,0.025070865
3014936,0,0,0.009881358
3002370,0,0,0.00412086
2993875,0,0,0.0046266536
3012953,1,1,0.9625063
3012645,0,0,0.0016228613
3005068,0,0,0.015416438
3015606,0,0,0.0024120868
2988528,0,0,0.037243072
3009207,0,0,0.003583519
2987793,0,0,0.014853124
2998011,0,0,0.03408653
3014131,0,0,0.005040213
2988348,0,0,0.021923015
3005807,0,0,0.009608408
3010541,0,0,0.019690197
3006783,0,0,0.00458631
2995432,0,0,0.0036465724
2994130,0,0,0.017526168
2991460,0,0,0.007276474
3006565,0,0,0.010392262
2987087,0,0,0.0030802947
2990399,0,0,0.0051599117
3008315,0,0,0.012515556
3007479,0,0,0.015910191
3004478,0,0,0.017769136
2993382,0,0,0.0070616384
2998809,0,0,0.013841391
2987586,0,0,0.0035244983
3001099,0,0,0.037325997
3006042,0,0,0.0136162685
2996474,0,0,0.005862742
3000318,0,0,0.0077822334
3014757,0,0,0.006153485
2990756,0,0,0.039643485
3006639,0,0,0.024377469
3015413,0,0,0.004771009
2987690,0,0,0.0029223366
3013200,0,0,0.0018755079
2989685,0,0,0.017555192
3016421,0,0,0.0074174153
3002065,0,0,0.026704196
3017739,0,0,0.010732372
3001258,0,0,0.011571875
2989526,0,0,0.0029741263
3018583,0,0,0.004187283
2991573,0,0,0.0028007485
3011651,0,0,0.0026431156
3017477,0,0,0.0064897635
2990452,0,0,0.0038412227
3008542,0,0,0.009205085
2996119,0,0,0.009996549
3006177,0,0,0.0036215081
3016322,0,0,0.0045672907
2990290,0,0,0.013047548
3010997,0,1,0.41196203
3001673,0,0,0.006818418
2988076,0,0,0.0023998157
2988278,0,0,0.0065274574
3005374,0,0,0.003967722
2990669,1,0,0.12666236
3014842,0,0,0.004985022
2997442,0,0,0.0028284288
3013230,0,0,0.0028532774
3018517,0,0,0.008692981
3009528,0,0,0.0017247209
3012548,0,0,0.004908013
3005278,0,0,0.0028047813
3007653,0,0,0.011789248
2996986,0,0,0.012684463
2996121,0,0,0.0031408872
3000011,0,0,0.012503428
2997571,0,0,0.030125504
3016770,0,0,0.003844552
2988426,0,0,0.007632575
2992758,1,1,0.612892
3012432,0,0,0.0038787925
2991042,0,0,0.002083613
2993203,0,0,0.005199074
3017371,0,0,0.005267864
3002316,0,0,0.012979883
3007029,0,0,0.024442673
2988608,0,0,0.0021815142
3002380,0,0,0.0027714216
2999448,0,0,0.0056538815
3001761,0,0,0.011624888
2991979,0,0,0.0655104
2992924,0,0,0.00289314
3014653,0,0,0.0031632083
3012142,0,0,0.0038449466
3005700,0,0,0.0049860985
3009043,0,0,0.007912953
2989784,0,0,0.013606218
2997605,0,0,0.026954107
2996088,0,0,0.009738242
3009652,0,0,0.002254864
2990675,0,0,0.002152911
3000379,0,0,0.0071341405
2997400,0,0,0.023883564
3003008,0,0,0.030175107
2992820,0,0,0.008586179
3001106,0,0,0.047135666
3011455,0,0,0.0019679104
3016486,0,0,0.04347816
3007625,0,0,0.011998167
3004209,0,0,0.007178278
3011860,0,0,0.008603931
2999306,0,0,0.0025184504
2998665,0,0,0.0018453925
3009948,0,0,0.005155552
2992305,0,0,0.0043717576
3002389,0,0,0.004276054
2992469,0,0,0.025474362
3008758,0,0,0.004270162
3004076,0,0,0.0064110467
2989821,0,0,0.0034592967
3004901,0,0,0.008092655
2994995,0,0,0.0019644147
3006743,1,0,0.29721883
2989241,0,0,0.008302404
3008825,0,0,0.016259322
2994156,0,0,0.0021403225
2987014,0,0,0.0035783008
2989328,0,0,0.0027255854
3004846,0,0,0.0055506118
3010290,0,0,0.012903826
2987154,0,0,0.0042643836
2987152,0,0,0.032750294
3017404,0,0,0.020225246
3016442,0,0,0.032683928
2989478,0,0,0.01037004
3011844,0,0,0.0348027
2994040,0,0,0.022506483
2994173,0,0,0.053040273
3016905,0,0,0.005084835
3018752,0,0,0.002336106
3007144,0,0,0.0032295068
3002159,0,0,0.0035953396
2994881,1,1,0.852615
3006776,0,0,0.051024903
2990069,0,0,0.002300385
3016547,0,0,0.0013845902
2987993,0,0,0.0021786885
3009093,0,0,0.015249502
2991083,0,0,0.033478677
3000186,0,0,0.0031558706
3012959,0,0,0.004406434
2993449,0,0,0.00856991
3007493,0,0,0.003584403
3000936,0,0,0.009811897
2998136,0,0,0.01750635
3010758,0,0,0.029508678
3009059,0,0,0.0024457101
2994748,0,0,0.00390733
2993623,0,0,0.0088864695
3001706,0,0,0.0060488954
3002375,0,0,0.0020546194
3014849,0,0,0.008107872
2990183,0,0,0.002124392
2995542,0,0,0.004228462
2992903,0,0,0.0055678417
2991115,0,0,0.0026854058
2993106,0,0,0.013239295
3010004,0,0,0.01612355
2987802,0,0,0.0062529785
3004105,0,0,0.0057122246
2992713,0,0,0.001222238
3003191,0,0,0.0076738116
2987068,0,0,0.04543728
2987639,0,0,0.0049851853
2989046,0,0,0.0061020083
2998784,0,0,0.0109306555
2990375,0,0,0.0015555264
3014809,0,0,0.015730737
3003732,0,0,0.009283864
2992391,0,0,0.028302252
3013766,0,0,0.004202324
3016521,0,0,0.009486179
2996098,0,0,0.002991688
3014930,0,0,0.004400025
3017082,0,0,0.003497494
3004504,0,0,0.016981114
3003685,0,0,0.01020772
3010003,0,0,0.0054607973
2992027,0,0,0.032538038
3011855,0,0,0.002001701
2993326,0,0,0.006408149
3016647,0,0,0.0897512
3000828,0,0,0.008664167
3015044,0,0,0.004633275
2991862,0,0,0.051681302
3002229,0,0,0.0030989957
3016010,0,0,0.019700821
3011964,0,0,0.044339366
3002582,0,0,0.04892665
3010395,0,0,0.004818756
2992160,0,0,0.09905568
3004852,0,0,0.0023969794
3003924,0,0,0.010003422
3014772,0,0,0.004684163
3000198,1,0,0.24702665
3004256,0,0,0.005495387
2998273,0,0,0.00709576
3007627,0,0,0.0024129625
3000004,0,0,0.010652601
2990968,0,0,0.010483026
3009362,0,0,0.024247488
3003642,0,0,0.0026890263
3014418,0,0,0.0036185656
3007746,0,0,0.007828693
2997223,0,0,0.002613858
2991188,0,0,0.008236784
3005266,0,0,0.0065252967
2989873,0,0,0.08901525
3015182,0,0,0.008757124
2996987,0,0,0.01101928
2995832,0,0,0.011601506
3000613,0,0,0.002209075
2998726,0,0,0.008926457
3005148,0,0,0.0059568714
3011838,0,0,0.004470069
3014191,0,0,0.06498907
3005042,0,0,0.0024087857
3004265,0,0,0.0047135437
2999592,0,0,0.0032809305
2996830,0,0,0.002169579
2991836,0,0,0.009779548
3017990,0,0,0.009473016
3013329,0,0,0.03535973
3010929,1,0,0.008379709
2991666,0,0,0.010990104
2988233,0,0,0.002236962
3010514,0,0,0.007334563
2992064,0,0,0.1573847
3010910,0,0,0.02685838
3015274,0,0,0.0111387605
3010977,0,0,0.006845609
2994985,0,0,0.0029642715
2988500,0,0,0.0026125754
2989162,0,0,0.010974152
2993186,0,0,0.0102164
2991735,0,0,0.015577454
2992066,0,0,0.02132847
3007079,0,0,0.013111321
3014911,0,0,0.0047965464
2987273,0,0,0.018510709
2990130,0,0,0.12077383
3008480,0,0,0.001377984
3007094,0,0,0.019859299
3004094,0,0,0.004348323
3000805,0,0,0.0076316004
3006742,1,1,0.68026733
3000084,0,0,0.0036333948
2999888,0,0,0.010858881
2988623,0,0,0.0040198006
2996340,0,0,0.005225306
2992291,0,0,0.008660006
3013937,0,0,0.06811136
2995211,0,0,0.01779512
3018430,0,0,0.044733044
2992422,0,0,0.06867557
3018313,0,0,0.023855979
2997019,0,0,0.005995426
3013690,0,0,0.005133025
3009966,0,0,0.008037019
3015624,0,0,0.048386544
3000413,0,0,0.006120156
2990658,0,0,0.01897699
2993653,0,0,0.0044442066
3016224,0,0,0.0021994568
3003102,0,0,0.003698763
3017342,0,0,0.017270336
3007066,0,0,0.006932651
3012912,0,0,0.01036194
2988993,0,0,0.0023200181
3011407,0,0,0.0056433906
3009012,0,0,0.0073864693
3010808,0,0,0.06687629
3015222,0,0,0.005216544
2988662,0,0,0.045999948
3005698,0,0,0.010417094
2992759,0,0,0.015503421
2998550,0,0,0.0020820817
2999240,0,0,0.012577905
2995883,0,0,0.0035391452
3008604,0,0,0.004124883
2997105,0,0,0.0025195384
2989476,0,0,0.009345365
3017114,0,0,0.011193025
3005864,0,0,0.010783006
3008004,0,0,0.011002855
2988392,0,0,0.0019448356
2995121,0,0,0.003957164
2989725,0,0,0.0049907328
3007235,0,0,0.0048975446
3000758,0,0,0.015361187
3010107,0,0,0.006785322
3000386,0,0,0.0014525349
3017031,0,0,0.0012097942
2988509,0,0,0.014167185
3013582,0,0,0.018432477
3000891,0,0,0.0036851384
2999152,0,0,0.029746836
2994624,0,0,0.0052439207
3016147,0,0,0.005550654
2991565,0,0,0.04758625
2995681,0,0,0.01000234
2998641,0,0,0.004136953
3010069,0,0,0.0039397893
3008136,0,0,0.0037072827
3013270,0,0,0.005613354
2996243,0,0,0.0017665379
2992503,0,0,0.0033879634
2995053,0,0,0.0076545225
3004764,0,0,0.0067373463
3016105,0,0,0.0035973336
3004865,0,0,0.0047350745
3015930,0,0,0.018958764
3004572,0,0,0.0071342927
3018061,0,0,0.0061393986
3008107,0,0,0.008042118
2992139,0,0,0.0038183029
2988122,0,0,0.0046947724
3006061,0,0,0.035823558
2991051,0,0,0.041890964
3008582,0,0,0.0077266274
3006986,0,0,0.012176117
3008099,0,0,0.0028371867
2997620,0,0,0.021283826
2996700,0,0,0.011943461
3007471,0,0,0.008147107
3003652,0,0,0.0027428297
2992551,0,0,0.0037461019
2997265,0,0,0.0018822665
2994634,0,0,0.014153731
2989067,0,0,0.0008456039
3007512,0,0,0.0044989157
3013204,0,0,0.006315837
2994432,0,0,0.018344594
3013031,0,0,0.0077958684
3017297,0,0,0.009324278
3003627,0,0,0.0043037236
2988684,0,0,0.0037032466
3005731,0,0,0.012816984
2992184,0,0,0.0063015306
2989366,0,0,0.010057775
3015311,0,0,0.00375546
2987608,0,0,0.013907956
2996007,0,0,0.009589088
3016493,0,0,0.005729744
3006955,0,0,0.013967914
2989166,0,0,0.006289601
2994139,0,0,0.0029644251
3000432,0,0,0.007721259
3018060,0,0,0.005774166
2993937,0,0,0.011582362
2995838,0,0,0.006703803
3012066,0,0,0.0069361576
3011778,0,0,0.0032854772
2989576,0,0,0.0032248239
3008329,0,0,0.0060281404
3002506,0,0,0.016830169
3012908,0,0,0.010987559
3015667,0,0,0.010033865
3006719,0,0,0.0021204967
3000538,0,0,0.024701396
3015499,1,0,0.07705078
3009094,0,0,0.0032865645
2987875,0,0,0.0023178505
2987495,0,0,0.009301146
3008980,0,0,0.08446812
2996701,0,0,0.012837399
2991795,0,0,0.003471225
3003059,0,0,0.018204141
3009745,0,0,0.00204496
3009721,0,0,0.0025471346
3013847,0,0,0.0010653173
2999599,0,0,0.0009848276
2992523,0,0,0.012506396
3004687,0,0,0.008282189
3002462,0,0,0.010647918
2991839,0,0,0.009442657
3016420,0,0,0.007895625
3006191,0,0,0.0016329888
3003266,0,0,0.0036525007
2991402,0,0,0.023405215
3007373,0,0,0.0021553584
3003159,0,0,0.006915087
2992011,0,0,0.010049798
3004399,0,0,0.0016719452
2990948,0,0,0.011049387
2994980,0,0,0.008374444
3008431,0,0,0.019924557
3000279,0,0,0.007181239
3018325,0,0,0.0032727881
3006205,0,0,0.018368585
3004432,1,1,0.9903268
2989176,0,0,0.039746583
3018637,0,0,0.0021565023
3000349,0,0,0.0108385
2992172,0,0,0.030610153
3009722,0,0,0.006702171
3005876,0,0,0.010286883
2995408,0,0,0.006104684
3003633,0,0,0.0043503987
3006771,0,0,0.008134625
3014778,0,0,0.011219269
3007504,0,0,0.06498856
3018228,0,0,0.008280568
2998426,0,0,0.0059893164
2991672,0,0,0.0029392191
3014227,0,0,0.031076148
3003788,0,0,0.045035113
2997960,0,0,0.004656805
2990212,0,0,0.010111704
3004477,0,0,0.005287289
3018383,0,0,0.0039516087
2998263,0,0,0.006486155
2994509,0,0,0.002826517
2989079,0,0,0.03746203
3013133,0,0,0.0032745681
3010850,0,0,0.010783662
3006487,0,0,0.03949614
2999851,0,0,0.004054369
3008819,0,0,0.0044943457
2989776,0,0,0.019713903
3007773,0,0,0.0015674238
3007042,0,0,0.01914986
3016622,0,0,0.009163139
3008560,0,0,0.005502131
3012219,0,0,0.0022069549
2995648,0,0,0.022705289
2993374,0,0,0.0021200741
3012167,0,0,0.010528335
3001618,0,0,0.0066311667
2989950,0,0,0.0034221315
3009633,0,0,0.0047550555
3014095,0,0,0.0050845672
2991649,0,0,0.006889161
3013046,0,0,0.019921936
2995922,0,0,0.007644893
2996191,0,0,0.062169507
3000290,0,0,0.0027693585
2998596,0,0,0.008508712
3000454,0,0,0.007768177
3014411,0,0,0.005450562
3018129,0,0,0.012491153
2997079,0,0,0.010440582
3012540,0,0,0.016543638
3009802,0,0,0.0021883599
2996966,0,0,0.0056383573
2996300,0,0,0.011303869
2996275,0,0,0.021450775
2987379,0,0,0.003649805
3011056,0,0,0.016967412
2995515,0,0,0.004075853
2989284,0,0,0.0069446666
2990229,0,0,0.004859504
3006252,0,0,0.0051566134
3017703,0,0,0.01008761
3000325,0,0,0.007555035
3007100,0,0,0.022068264
3012838,0,0,0.014087205
2993735,0,0,0.021284143
3018780,0,0,0.013583703
2987852,0,0,0.003083169
3000530,0,0,0.0039826655
3006187,0,0,0.022104748
2994900,0,0,0.0055352435
3007258,0,0,0.01146924
3010844,0,0,0.007288429
3004322,0,0,0.062660925
2995017,0,0,0.0063032713
2988372,0,0,0.007062675
3016189,0,0,0.0023336813
2993490,0,0,0.009384382
3007000,0,0,0.0034219606
3000572,0,0,0.0008100411
2996188,0,0,0.004297196
3006011,0,0,0.0034317088
2989552,0,0,0.0034063256
3015426,0,0,0.0020027547
3011925,0,0,0.0048893574
2997252,0,0,0.008979168
2996802,0,0,0.0069975536
3001242,0,0,0.021482792
2993131,0,0,0.031435195
3005259,0,0,0.023648627
2998583,0,0,0.003012611
2992952,0,0,0.0048945383
3011680,0,0,0.0013123645
3012683,0,0,0.14859605
2990176,0,0,0.002037817
3000915,0,0,0.0024223826
2996988,0,0,0.057353757
2992056,1,1,0.4231313
3018018,0,0,0.0086289495
2994603,0,0,0.0028624989
2993523,0,0,0.020109296
3014269,0,0,0.0084688235
2992055,0,0,0.15304865
3007232,0,0,0.024324931
3011667,0,0,0.0058267782
2989006,0,0,0.014273451
3016013,1,0,0.0392542
3009292,0,0,0.0057785204
2995321,0,0,0.010873873
2998594,0,0,0.10262872
2989237,0,0,0.007826594
3012827,0,0,0.0034492135
3002322,0,0,0.045131605
2995325,0,0,0.017908126
2990841,0,0,0.02433427
2997131,0,0,0.005413497
2993950,0,0,0.03536852
3000104,0,0,0.23730373
3007032,0,0,0.007373845
3003382,0,0,0.0020978553
3000141,0,0,0.023276031
3001868,0,0,0.028503072
3009673,0,0,0.011080732
3004583,0,0,0.06797188
2991851,0,0,0.004309177
2988187,0,0,0.009492301
3009855,0,0,0.0068312786
2987360,0,0,0.143486
3017569,0,0,0.0036749314
3015849,0,0,0.017912269
2994967,0,0,0.0014035732
3008905,0,0,0.010344459
3010225,0,0,0.025747506
2992929,0,0,0.007950963
2998741,0,0,0.0047675665
2992215,0,0,0.0050771674
3015782,0,0,0.003082735
2992032,0,0,0.0150899105
2994367,0,0,0.0061319373
3015989,0,0,0.0022926563
3005537,0,1,0.47762945
2998701,0,0,0.005615095
3007472,0,0,0.014535558
3002512,0,0,0.0037395128
2996063,0,0,0.11752933
3011735,1,1,0.9168543
3018786,0,0,0.0046661943
3015263,0,0,0.0025791912
3002550,0,0,0.004902111
2995172,1,0,0.014977095
3018176,0,0,0.008328966
3013754,0,0,0.00939824
3015131,0,0,0.029022504
3011945,0,0,0.0065092635
2991514,0,0,0.039453987
3011109,0,0,0.0059135184
3018388,0,0,0.015153226
3004214,0,0,0.06834422
2988029,0,0,0.005593324
3017547,0,0,0.003192729
3007999,0,0,0.027663395
2999244,0,0,0.006295147
3016954,0,0,0.0073146513
2997978,0,0,0.008017316
3003456,0,0,0.018607935
3001790,1,1,0.66295236
3008266,0,0,0.0041870046
2987748,0,0,0.0013402407
3015130,0,0,0.042652078
2999920,0,0,0.0029411567
2999998,0,0,0.009738303
3012624,0,0,0.17719787
3016772,0,0,0.028203482
2998504,0,0,0.0014606536
2987699,0,0,0.006239074
3014037,0,0,0.005496946
3011204,0,0,0.011284067
3006993,0,0,0.0134406425
3016163,0,0,0.004083642
3007426,0,0,0.0029170422
3006452,0,0,0.028809011
3004059,0,0,0.01404539
3009773,0,0,0.020913316
3004142,0,0,0.004660878
2990284,0,0,0.002503581
3000699,0,0,0.0044921446
2999754,0,0,0.20662263
3002876,0,0,0.0018793127
2989213,0,0,0.17150886
2997593,0,0,0.003357561
2990573,0,0,0.09726348
2991078,1,1,0.98174447
2998045,0,0,0.0070744087
3016842,0,0,0.0017070099
2993765,0,0,0.02869479
3014591,0,0,0.008471666
2990601,0,0,0.0031203984
3005387,0,0,0.0075834976
2988415,0,0,0.008050838
3002813,0,0,0.029804487
3011751,0,0,0.011820972
2998944,0,0,0.0019919104
3003895,0,0,0.25942385
3004397,0,0,0.005428699
2998737,0,0,0.01617129
3007745,0,0,0.030848535
2993992,0,0,0.016500924
2993615,0,0,0.0017394661
3008301,0,0,0.0021529314
3012655,0,0,0.026122777
3004801,0,0,0.040803958
3007378,0,0,0.0065790266
2988716,0,0,0.0006337738
2994168,0,0,0.0013055626
3001483,0,0,0.06031665
3018270,0,0,0.020714937
2991970,0,0,0.013223917
3009513,0,0,0.007339772
2990516,0,0,0.004718929
3012022,0,0,0.01932246
2997955,0,0,0.0074964724
3003071,0,0,0.0115873795
2987681,0,0,0.02171654
2994547,0,0,0.010408152
2988841,0,0,0.0026850826
3005166,0,0,0.018864943
3002615,0,0,0.008348117
3002498,0,0,0.045262974
3010441,0,0,0.002145046
2998251,0,0,0.011470479
2996278,0,0,0.043275744
3006145,0,0,0.00487295
2991152,0,0,0.0037089372
2991114,0,0,0.005713942
3008062,0,0,0.004422355
2997118,0,0,0.017862888
3006687,0,0,0.010024487
3004838,0,0,0.009450979
3000496,0,0,0.01192239
2994374,0,0,0.008870328
3018397,0,0,0.011182211
2988277,0,0,0.0036413458
2997509,0,0,0.007127868
3001930,0,0,0.0069680535
3008627,0,0,0.014925737
3014468,0,0,0.005878635
2990952,0,0,0.06432747
3003069,0,0,0.0054898
2997688,0,0,0.0020822196
2992441,0,0,0.007839883
3013878,0,0,0.02166627
3008681,0,0,0.0058855
2999566,0,0,0.012336879
3011451,0,0,0.002759157
3006104,1,0,0.027324162
3007151,0,0,0.0051349443
2990093,0,0,0.0073451
3018016,0,0,0.003592353
3011665,0,0,0.0016505725
2998624,0,0,0.013827866
2992942,0,0,0.006001203
3005122,0,0,0.07062628
3017457,0,0,0.0051347055
3006671,0,0,0.01715621
3012238,0,0,0.009263347
2989372,0,0,0.0025445311
2995050,0,0,0.01157697
3006158,0,0,0.029243745
3004144,0,0,0.013245906
3004616,0,0,0.002561453
2988022,0,0,0.0032291661
2999043,0,0,0.0047012162
3013018,0,0,0.003752364
2989432,0,0,0.00243001
3012289,0,0,0.006913208
3000430,0,0,0.0034467147
2994700,0,0,0.0028819044
2992392,0,0,0.008853973
3006277,0,0,0.018017914
3012339,0,0,0.0074279406
2992164,0,0,0.0134634925
3000127,0,0,0.017210076
2992047,0,0,0.011531112
3007951,0,0,0.03854462
3007901,0,0,0.0047265296
3014860,0,0,0.008891124
2992944,0,0,0.0057078446
3011920,0,0,0.034658875
3018718,0,0,0.018555108
3014049,0,0,0.0093527
3005947,0,0,0.0114476625
3016687,0,0,0.023738515
3002662,0,0,0.0048854914
3006040,0,0,0.005520818
3013454,1,1,0.98588955
2988815,0,0,0.0075459443
3013622,0,0,0.001936151
2994635,0,0,0.004230848
3005590,0,0,0.0050770086
3017300,0,0,0.0018053562
3012795,0,0,0.013055028
3012653,0,0,0.001683046
3011195,0,0,0.054921795
3000658,0,0,0.0046131858
3018064,0,0,0.003552862
3000382,0,0,0.0019447773
3004971,0,0,0.09851737
3001512,0,0,0.0045160158
3010229,0,0,0.018615734
3012595,0,0,0.010903449
2996277,0,0,0.004892047
2992147,0,0,0.013061014
3014392,0,0,0.015090108
2991805,0,0,0.02973104
3011864,0,0,0.0069376193
3012763,0,0,0.0048758686
3011211,0,0,0.006302414
3001727,0,0,0.010712313
3003079,0,0,0.0018470716
3006129,0,0,0.008509356
3005678,0,0,0.006145753
3004650,0,0,0.0035086165
2998345,0,0,0.007839465
2992981,0,0,0.0049302336
3016027,0,0,0.021550033
3003156,0,0,0.0044883676
2995597,0,0,0.018133204
3003595,0,0,0.015545466
3002780,0,0,0.0027059217
3012156,0,0,0.002903746
2998551,0,0,0.013249166
3013311,1,0,0.022674112
3014736,0,0,0.0016963384
3009996,0,0,0.0053661787
2994580,0,0,0.09166834
2990985,0,0,0.006028223
3000473,0,0,0.0234187
3013540,0,0,0.003660243
3009308,0,0,0.04711703
3005224,0,0,0.008292614
2987423,0,0,0.0014419381
3017338,0,0,0.015791282
3006433,0,0,0.005273134
2990122,0,0,0.0054302183
2999185,0,0,0.0030424066
2996266,0,0,0.0024772095
2987194,0,0,0.009018012
2997000,0,0,0.0048030536
3000607,0,0,0.0128979
2998296,0,0,0.014034347
2990523,0,0,0.003754691
3009147,0,0,0.031667955
3004282,0,0,0.007672726
3001728,1,1,0.7785914
2993008,0,0,0.0054591633
2989354,0,0,0.0048343074
2990614,0,0,0.009847559
2994584,0,0,0.014954706
2988374,0,0,0.0041282987
3011550,0,0,0.008920169
3003245,0,0,0.0030521355
3012033,0,0,0.0035507118
3009582,0,0,0.00073198386
2990191,0,0,0.026536817
3012631,0,1,0.42274496
2996101,0,0,0.13271524
3008111,0,0,0.013171987
3010392,0,0,0.0034470784
3015209,0,0,0.007750559
3000173,0,0,0.0032107532
3006081,0,0,0.0037786127
3017261,0,0,0.004949714
3010834,0,0,0.0022401283
3018551,0,0,0.0013875385
3008977,0,0,0.0033714157
3018211,0,0,0.008532414
2997174,0,0,0.005901614
2987227,0,0,0.008064779
3001415,0,0,0.011267731
3009198,0,0,0.009362557
2993853,0,0,0.010023721
3007697,0,0,0.0013038074
2992332,0,0,0.16283263
3004646,0,0,0.0103894565
3015914,0,0,0.010035376
3001958,0,0,0.0103380075
3002663,0,0,0.0020895845
3000786,0,0,0.08158499
3005417,0,0,0.03020777
2999994,0,0,0.003920052
3003528,1,0,0.0043750233
2997965,0,0,0.011491243
2989648,0,0,0.0019531818
3006831,0,0,0.010835322
3017299,0,0,0.013703328
3013039,0,0,0.11391394
3004500,0,0,0.0060555213
2994630,0,0,0.0010742745
3005377,0,0,0.0036005226
2989888,0,0,0.002510113
3011180,0,0,0.005231665
3011331,0,0,0.0009576178
3005841,0,0,0.002706246
3014357,0,0,0.01622728
2996813,0,0,0.008307403
2993870,0,0,0.009010919
3015459,0,0,0.0023628203
3015017,0,0,0.010061008
3018709,0,0,0.0018680727
2989894,0,0,0.010995159
2990359,0,0,0.01932246
3015753,0,0,0.0006764102
3015146,0,0,0.0016245812
2992080,0,0,0.0059153154
3014425,0,0,0.0024795483
3018486,0,0,0.025835082
2992438,0,0,0.0025729793
3014176,0,0,0.0015701462
3018177,0,0,0.006779229
3015284,0,0,0.024497509
2995761,0,0,0.03126192
3002874,0,0,0.005080871
3001200,0,0,0.0073641418
3008346,0,0,0.024402829
3003577,0,0,0.046354033
3009189,0,0,0.017538102
2987438,0,0,0.0034635977
3011537,0,0,0.0026556535
3015660,0,0,0.020552246
3012336,0,0,0.0063429265
2992933,0,0,0.018197913
3000103,0,0,0.06825981
3003850,0,0,0.0046912776
3011082,0,0,0.06477677
3003489,0,0,0.0021708256
3005363,0,0,0.010577333
3007938,0,0,0.0013116709
3007672,0,0,0.0016985023
2989704,0,0,0.0025792364
2991743,0,0,0.0048337914
2994984,0,0,0.14767392
3017869,0,0,0.0040525114
3015360,0,0,0.006212469
2999648,0,0,0.022802217
2998493,0,0,0.0035235423
3018714,0,0,0.019604506
3016788,0,0,0.008300493
3004593,0,0,0.005713105
3008167,1,0,0.14167206
2992501,0,0,0.011153587
2994792,0,0,0.0023665226
2991536,0,0,0.011778142
3016398,0,0,0.015510191
3017776,0,0,0.005679163
2996761,0,0,0.0058637206
3009905,0,0,0.009415863
3016484,0,0,0.0021941408
2987157,0,0,0.001989351
3018419,0,0,0.1677254
2991939,0,0,0.012281435
2993376,0,0,0.0021776552
3002734,0,0,0.0030546568
2989881,0,0,0.0033893564
2994399,0,0,0.005155596
2994822,0,0,0.005920971
3014695,0,0,0.088394664
3009891,0,0,0.011057848
3002003,0,0,0.012006044
3000019,0,0,0.0047927215
3009972,0,0,0.011395545
3006186,0,0,0.0014998334
3006068,0,0,0.0018163777
2990089,0,0,0.004099345
3012420,0,0,0.0043256143
3018352,0,0,0.008148164
2987754,0,0,0.00776094
3003414,0,0,0.0095242895
2999081,0,0,0.11417496
2997054,0,0,0.0076170536
3001964,0,0,0.039368227
2997256,0,0,0.0018163631
3004935,0,0,0.13965459
2996285,0,0,0.007471237
3015071,0,0,0.003930586
2991084,0,0,0.0056322142
3012784,0,0,0.00069182366
2989069,0,0,0.0028737874
2995971,0,0,0.073962286
2994493,0,0,0.0023062134
2989407,0,0,0.005903103
3003659,0,0,0.0017904148
3010098,0,0,0.0014539957
2993197,0,0,0.011530013
3007756,0,0,0.0059666433
2999876,0,0,0.0022712022
2990014,0,0,0.013673398
2996907,0,0,0.007675417
2995621,0,0,0.009007301
2989104,0,0,0.009647519
3000534,0,0,0.0038667528
2990784,0,0,0.014519224
3010243,0,0,0.0021295068
3015034,0,0,0.0074400506
2987785,0,0,0.0048447335
3003719,0,0,0.008933529
3001972,0,0,0.0065150512
3017818,0,0,0.003113546
3001637,0,0,0.0061129206
2994194,0,0,0.0403321
2997653,0,0,0.007161951
3012187,0,0,0.010176908
3012146,0,0,0.0024989436
2993069,0,0,0.0046006064
3012069,0,0,0.0060798703
3011599,0,0,0.0053583886
3004753,0,0,0.0012947811
3001176,0,0,0.00928714
2988717,0,0,0.04143996
2996205,0,0,0.016564235
2993422,0,0,0.018721083
2992423,0,0,0.02389825
3007484,0,0,0.004025777
3001886,0,0,0.0052122474
3013448,0,0,0.0020910576
3017688,0,0,0.004547055
3009929,0,0,0.0010162363
2993163,0,1,0.3947168
3016123,0,0,0.003083987
3015203,0,0,0.0057930327
2998436,0,0,0.06612433
3009357,0,0,0.0070114234
2995203,0,0,0.007026389
2989781,0,0,0.0036472671
2987716,0,0,0.008156333
2996581,0,0,0.012330414
2994575,0,0,0.011593864
3014566,0,0,0.025555171
3005851,0,0,0.0050461153
2991722,0,0,0.0077798367
3003049,0,0,0.0034250517
2994027,0,0,0.043535016
2989835,0,0,0.007632911
3010857,0,0,0.020358965
3017589,0,0,0.007058513
2996864,0,0,0.006921331
3011384,0,0,0.0070175184
2992536,0,0,0.0030010426
2987861,0,0,0.005620015
2995100,0,0,0.0018316829
3004296,0,0,0.0019408661
3011650,0,0,0.015503583
3009993,0,0,0.004807879
2992144,0,0,0.011900631
3015383,0,0,0.004874645
2995079,1,1,0.98048097
3011846,0,0,0.0050139963
3000860,0,0,0.007092274
2990310,0,0,0.005333877
3003656,0,0,0.011471635
2990032,0,0,0.0034183234
3015533,0,0,0.0029062596
3012673,0,0,0.0025337262
2994986,0,0,0.001924865
3004771,0,0,0.10439842
3004272,0,0,0.05353484
2987556,0,0,0.0028839153
3004968,0,0,0.007577123
3000973,0,0,0.015052263
2988268,0,0,0.0055426606
2991899,0,0,0.0029562383
3014112,0,0,0.00889191
2995068,0,0,0.015504624
2988379,0,0,0.001621019
3013927,0,0,0.03177527
3009982,0,0,0.004798167
3017981,0,0,0.047610115
2990136,1,1,0.8434548
2990165,0,0,0.0036238334
3011556,0,0,0.0049462654
3017209,0,0,0.019854305
2989263,0,0,0.020016052
3008897,0,0,0.017701086
3001627,0,0,0.0035425692
3001122,0,0,0.0053519146
3002756,0,0,0.0018780946
2997292,0,0,0.017334508
3012691,0,0,0.004273878
3006260,0,0,0.002654656
3014013,0,0,0.011718843
3005240,0,0,0.0027341947
2994976,0,0,0.010106431
3006259,0,0,0.0057918243
3011081,0,0,0.0052308114
2996523,0,0,0.005392592
3000955,0,0,0.015247398
3017632,0,0,0.010745564
2988482,0,0,0.005936177
2994208,0,0,0.004130032
3016756,0,0,0.006846692
3012182,0,0,0.002070062
3009620,0,0,0.007038629
2995692,0,0,0.001482596
3017215,0,0,0.01632459
3002018,0,0,0.0017641381
2989207,0,0,0.008662257
2989047,0,0,0.035811745
2990674,0,0,0.0020783846
3000794,0,0,0.11674051
2999647,0,0,0.0052782283
2992005,0,0,0.0049372916
2997456,0,0,0.0019024097
3008856,0,0,0.026973017
3009474,0,0,0.0022084562
3000049,0,0,0.034745235
2989982,0,0,0.013566871
3014181,0,0,0.010109232
3009309,0,0,0.0024199225
2989967,0,0,0.0075556072
2990511,0,0,0.004926766
3014699,0,0,0.0057862015
3014216,0,0,0.015263938
2993939,0,0,0.021268182
3002680,0,0,0.0030869937
2993434,0,0,0.017560102
3006166,0,0,0.0020422128
2989103,0,0,0.009903117
3007994,0,0,0.0056536724
3002022,0,0,0.010284063
3007590,0,0,0.008777561
2996517,0,0,0.013443823
2992587,0,0,0.009707431
2994684,0,0,0.0029789784
3014177,0,0,0.012770491
2988217,0,0,0.026848117
2990966,0,0,0.0045830067
3003844,0,0,0.011998462
3003568,0,0,0.015368833
3016963,0,0,0.0012525724
2993188,0,0,0.0064064283
3012678,0,0,0.004901055
3003592,0,0,0.0018397981
2995736,0,0,0.00836145
3018673,0,0,0.016550343
2992655,0,0,0.009820082
3018425,0,0,0.0030691207
3009422,0,0,0.04938252
3009739,0,0,0.0035333552
2991670,0,0,0.0042173336
2990184,0,0,0.023539202
3007037,1,1,0.96334404
3016469,0,0,0.054133724
2995688,0,0,0.0049391123
3012290,0,0,0.013245856
3002396,0,0,0.008210528
3014130,0,0,0.0054270155
2999904,0,0,0.002846122
2991432,0,0,0.043463
3002497,0,0,0.00520028
2999408,0,0,0.009635954
2996099,0,0,0.031517897
2987236,0,0,0.01030158
2992405,1,0,0.009877146
2992642,0,0,0.09216863
3013796,0,0,0.020043928
2999924,0,0,0.016436517
2989293,0,0,0.026388172
3002861,0,0,0.0049426174
3014201,0,0,0.0039520515
2996136,0,0,0.009070955
2995899,0,0,0.008889359
2992831,0,0,0.04564004
3005670,0,0,0.019011207
3002708,0,0,0.007297664
2990451,0,0,0.008238677
3009434,0,0,0.0013206204
2997998,0,0,0.011430898
3016374,0,0,0.017051598
2987512,0,0,0.0045006075
3001826,0,0,0.0030775298
3004162,0,0,0.007526821
3013941,0,0,0.08240312
3015038,0,0,0.001787907
2992090,0,0,0.008449633
3009879,0,0,0.020542894
3003274,0,0,0.0025075795
2987749,0,0,0.018398663
3010399,0,0,0.0026293332
2997696,0,0,0.008514257
2997095,0,0,0.0104358
3009974,0,0,0.017488865
3013024,0,0,0.0030253446
3006121,0,0,0.0033652019
2987546,0,0,0.0012544994
3012617,0,0,0.012329096
3017922,1,1,0.9095461
3016813,0,0,0.0024464931
2991331,0,0,0.0067056287
2992736,0,0,0.003052488
2992993,0,0,0.010008486
3003918,0,0,0.012636366
3000745,0,0,0.0077694966
3010319,0,0,0.003489892
2995406,0,0,0.0034423461
3007731,0,0,0.00082850846
3004723,0,0,0.004115515
3015573,0,0,0.0015996166
2994154,0,0,0.25471115
3017340,0,0,0.006169986
2993955,0,0,0.011677535
2993464,0,0,0.0042715226
3005108,0,0,0.005676076
2998289,0,0,0.0067133317
2988031,0,0,0.0588552
2988558,0,0,0.0052830703
3001595,0,0,0.012616214
3015477,0,0,0.0031267742
3004747,0,0,0.011098993
2988095,0,0,0.0028962893
2996833,0,0,0.003124764
2992849,0,0,0.00740389
2993769,0,0,0.023427317
3009817,0,0,0.010388932
3008443,0,0,0.0038193131
2999083,0,0,0.0048439475
2992343,0,0,0.0030527653
3005343,0,0,0.0022236756
2988531,0,0,0.0073406096
2987799,0,0,0.0036336656
3002225,0,0,0.0027695717
3010744,0,0,0.008249543
3010612,0,0,0.05072995
3010420,0,0,0.0027614487
3004226,0,0,0.0053779935
3017694,0,0,0.0046760156
2994044,0,0,0.0047900043
3011252,0,0,0.0033660252
3003610,0,0,0.011198953
3004907,0,0,0.0025694636
3013359,0,0,0.016297493
3000933,0,0,0.001489655
3009168,0,0,0.020999752
3007723,0,0,0.025809275
2992107,0,0,0.002845831
3018440,0,0,0.0022494723
3005988,0,0,0.010384148
2998350,0,0,0.0523725
2988664,0,0,0.018763708
2997852,0,0,0.004409209
3013516,0,0,0.006505918
3007191,0,0,0.023339104
3007001,0,0,0.013009961
2994726,0,0,0.008699727
3009719,0,0,0.015192623
3007253,0,0,0.0015376323
3017198,0,0,0.003768558
2998167,0,0,0.0038324308
2995531,0,0,0.006588576
3010939,0,0,0.013953203
2993530,0,0,0.015423104
3002430,0,0,0.007997178
3003660,0,0,0.002399044
2989942,0,0,0.006803967
3001392,0,0,0.012118508
3018051,0,0,0.0051566726
3000929,0,0,0.0071929023
3003433,1,1,0.9756353
3010093,0,0,0.0043165092
2989588,0,0,0.06413954
2998349,0,0,0.023482496
2988566,0,0,0.0060677975
2999798,0,0,0.0015354106
3002634,0,0,0.0021590497
2999468,0,0,0.00788608
2989846,0,0,0.20441897
3006819,0,0,0.019272733
2991387,0,0,0.012742729
3008755,0,0,0.0028825307
3006731,0,0,0.004112692
3010936,0,0,0.019444011
2998276,0,0,0.0033509121
3003630,0,0,0.026453441
3015578,0,0,0.012914381
3008305,0,0,0.0023116814
3017785,0,0,0.0024843898
2997424,0,0,0.0029674682
3000571,0,0,0.0023347717
3018265,0,0,0.008996705
2993394,0,0,0.010113589
3000575,0,0,0.007215825
2987736,1,0,0.014510492
3011370,0,0,0.0117419325
3013358,0,0,0.0026093458
3018785,0,0,0.006247115
3007502,0,0,0.033765633
2994789,0,0,0.01693886
2997357,0,0,0.0057954723
2999653,0,0,0.0023527348
2988126,0,0,0.10336279
2987787,0,0,0.017386178
3008174,0,0,0.0027457413
3004466,0,0,0.0016843306
3012837,0,0,0.0048682373
3011836,0,0,0.0014077439
3005765,0,0,0.005575136
2994534,0,0,0.02001093
3001030,0,0,0.0014586048
2999312,0,0,0.0034949454
3014189,0,0,0.015317152
2991729,0,0,0.0059449454
2990051,0,0,0.025211493
2989217,0,0,0.029759495
2997121,0,0,0.0046274597
3003364,0,0,0.0048130266
2992861,0,0,0.017105436
3010763,0,0,0.005251411
2992550,0,0,0.006739312
2988224,0,0,0.06803561
2987742,0,0,0.013745507
3011724,0,0,0.0029750622
2991715,0,0,0.0018203529
3018636,0,0,0.0074132066
3016284,0,0,0.0064378926
3012074,0,0,0.0014737941
2988991,0,0,0.010163304
2996672,0,0,0.012257522
3014619,0,0,0.0016771826
2987679,0,0,0.004420317
2989912,0,0,0.0024923543
2990457,0,0,0.0029156583
3001109,1,0,0.018286012
2991229,1,0,0.027908005
2994696,0,0,0.0023805064
3007998,0,0,0.0033036312
3002591,0,0,0.005143467
2995925,0,0,0.0033516497
3016289,0,0,0.001798465
2996702,0,0,0.018364148
3002824,1,1,0.4959069
2998667,0,0,0.013124587
3004617,0,0,0.0028108547
3010270,0,0,0.0040872525
3001687,0,0,0.007337566
3010150,0,0,0.008644571
2993257,0,0,0.0067391843
3008043,0,0,0.059345607
2997521,0,0,0.004302927
2993963,0,0,0.004508712
3008781,0,0,0.008831246
2998099,0,0,0.0022449829
3010202,0,0,0.0037251578
3018459,0,0,0.0023033428
3017875,0,0,0.010435839
3017654,0,0,0.0070244195
2989848,0,0,0.0012949556
3014267,0,0,0.009391095
3005957,0,0,0.0017466648
3007018,0,0,0.013909231
2998451,0,0,0.0055171694
2993986,0,0,0.0051864274
3006877,0,0,0.0068018334
2988518,0,0,0.0023977947
2993194,0,0,0.010635347
2987476,0,0,0.011380288
2995984,0,0,0.0055233263
3000714,0,0,0.0032873328
2997783,0,0,0.024219733
2997446,0,0,0.00359563
3018696,0,0,0.0048703216
2992025,0,0,0.0032501782
2996947,0,0,0.033578385
3004280,0,0,0.007343191
3007833,0,0,0.0018681064
2995386,0,0,0.08835902
3017991,0,0,0.020597735
2992502,0,0,0.0069550923
3012942,0,0,0.006640021
3015296,0,0,0.011537929
2995818,0,0,0.008261574
3003112,0,0,0.011471041
3014526,0,0,0.004692937
3009654,0,0,0.0019480018
3006605,0,0,0.0020084747
3004812,0,0,0.0080989385
3017542,0,0,0.008545842
3008608,0,0,0.010631029
2990202,0,0,0.0029755672
2990126,0,0,0.013560964
2993902,0,0,0.00791152
3011766,0,0,0.016477693
3012881,0,0,0.009523155
3005191,0,0,0.004161861
2992322,0,0,0.004273886
3002631,0,0,0.0060701217
2999091,0,0,0.012894003
3002998,0,0,0.0010076074
3003087,0,0,0.016931517
2991513,0,0,0.0056529352
2996082,0,0,0.0014604853
2988748,0,0,0.008606259
3011502,0,0,0.0053144507
2993184,0,0,0.034571476
3010299,0,0,0.0058127437
2998692,0,0,0.024308743
3003025,0,0,0.0051922468
3012836,0,0,0.01654734
3014432,0,0,0.0020685932
3014002,0,0,0.0011996621
3016150,0,0,0.005305545
2993715,0,0,0.021339606
3009682,0,0,0.0052211382
3009064,0,0,0.0037451072
3015188,0,0,0.0025752503
3012266,0,0,0.009540966
3000316,0,0,0.0023928029
2991297,0,0,0.025954783
3006361,0,0,0.012674648
3010836,0,0,0.0063052285
3017926,0,0,0.009995157
3006385,0,0,0.01043545
3015662,0,0,0.057303067
3018109,0,0,0.0035099934
3004041,0,0,0.0029487214
2990569,0,0,0.0022761144
3015740,0,0,0.0071249157
3012701,0,0,0.0020278553
3011265,0,0,0.003395694
2988590,0,0,0.002087572
2998934,0,0,0.010258314
2996238,0,0,0.0049671284
2991293,0,0,0.009138841
3000242,0,0,0.0037666252
3018003,0,0,0.005236526
3015723,0,0,0.0030751287
3009565,0,0,0.0016630238
2997284,0,0,0.0064035547
3005798,0,0,0.026993472
2995930,0,0,0.0030101216
3009083,0,0,0.009950624
2996711,0,0,0.020028882
3000273,0,0,0.009579759
2996058,0,0,0.001848514
3015814,0,0,0.00237445
2987114,0,0,0.22794491
2996269,0,0,0.009252243
3017849,0,0,0.0025459866
3003958,0,0,0.0015949408
2997660,0,0,0.02234625
2998620,0,0,0.047181416
3006860,0,0,0.0023145757
2995195,0,0,0.004579123
2987697,0,0,0.011564836
2996326,0,0,0.009551092
2989832,0,0,0.010740764
3002219,0,0,0.005630134
2997359,0,0,0.003726117
3017946,0,0,0.010674157
2996360,0,0,0.0059509617
3014827,0,0,0.043992713
2990824,0,0,0.0010382284
3012332,0,0,0.004578441
2987950,0,1,0.43868738
3016685,0,0,0.0030781548
3010992,0,1,0.42310053
3008019,0,0,0.0008222974
3000358,0,0,0.005150609
2998957,0,0,0.017353525
2993727,0,0,0.02503817
2988585,0,0,0.004214295
3000099,1,0,0.10031571
3014209,0,0,0.018548822
2996055,0,0,0.004199527
3007609,0,0,0.004700301
2995666,0,0,0.010375194
3002642,0,0,0.008025102
2998438,0,0,0.0045318017
3012590,0,0,0.001716882
2995859,0,0,0.0046098917
2987908,0,0,0.014384194
3009109,0,0,0.00264055
3005692,0,0,0.0016378937
3012451,0,0,0.039603747
3013944,0,0,0.023255276
3018395,1,1,0.32794234
3011307,0,0,0.005355462
3015066,0,0,0.004508671
3005033,0,0,0.0252659
3006838,0,0,0.0085115
2987986,0,0,0.009337713
2995720,0,0,0.075508766
2994263,0,0,0.0056075496
3004533,0,0,0.005563041
3006602,0,0,0.00946551
2992023,0,0,0.002440989
3009323,0,0,0.019324757
3004447,0,0,0.009517819
2992811,0,0,0.00759957
3010377,0,0,0.012342556
2996743,0,0,0.012925504
3006866,0,0,0.0027500782
2992007,0,0,0.012725206
3000857,0,0,0.17590913
2997041,0,0,0.023248013
3007365,0,0,0.001522115
2990958,0,0,0.017152634
2999373,0,0,0.0011251336
3007736,0,0,0.005286958
3003762,0,0,0.0034723172
2990327,0,0,0.010227728
2989193,0,0,0.007776734
2993586,0,0,0.044069164
2989503,0,0,0.0036808725
3016415,0,0,0.010697537
3002590,0,0,0.007208825
3001775,0,0,0.013437115
3012026,0,0,0.0053882184
3005326,0,0,0.001013195
3003787,0,0,0.0024551058
3012826,0,0,0.0016805688
3002021,0,0,0.043062985
3005499,0,0,0.0028889752
3005415,0,0,0.00097636116
3017723,0,0,0.011101808
2999525,0,0,0.007200912
2990305,0,0,0.0049564685
3009927,0,0,0.0011615294
3016317,0,0,0.0017503658
3002179,0,0,0.00072724395
2996383,0,0,0.005466863
3001461,0,0,0.004384447
2987844,0,0,0.007928702
3009894,0,0,0.005477643
2999450,0,0,0.0015215796
3008742,0,0,0.021480521
3014123,0,0,0.0056435354
2989287,0,0,0.0023788773
3012280,0,0,0.044807877
3007055,0,0,0.069070175
2995683,0,0,0.022495251
3017738,0,0,0.008798562
3014471,0,0,0.014984848
2998731,0,0,0.0033184336
2990493,0,0,0.0038536154
2991173,0,0,0.00622656
3014899,0,0,0.011998128
3013498,0,0,0.012062965
3007844,0,0,0.14902976
3001500,0,0,0.20292823
3010568,0,0,0.009155117
2987471,0,0,0.0012153845
3009386,0,0,0.009352183
2996397,0,0,0.008471081
2988465,0,0,0.0036305217
2999498,0,0,0.011413098
2994818,0,0,0.022964116
3009853,0,0,0.007961053
2988817,0,0,0.028134957
3008370,0,0,0.0033673581
2994702,0,0,0.00684641
3012084,0,0,0.0024382004
2989692,0,0,0.0067100674
2997898,0,0,0.03385743
3001690,0,0,0.0016700648
2990361,0,0,0.016241087
3017419,0,0,0.07083736
3018078,0,0,0.021511573
2991142,0,0,0.016608942
3009023,0,0,0.12171252
3011605,0,0,0.017677454
2994691,0,0,0.01564583
3001271,0,0,0.012317541
3009412,0,0,0.005182524
2993100,0,0,0.006745862
2997155,0,0,0.01323732
2994256,0,0,0.011928054
3002257,0,0,0.003313827
2996857,0,0,0.0072365445
3018698,0,0,0.001471458
2993535,0,0,0.011612419
2995897,0,0,0.0052315285
3001210,0,0,0.016706904
3004233,0,0,0.026304353
2995941,0,0,0.05179679
3008243,0,0,0.006391285
3010702,0,0,0.018879669
2992368,0,0,0.023545517
3004810,0,0,0.059587568
2992712,0,0,0.011972385
3015987,0,0,0.0075927833
2995072,0,0,0.017751085
3011490,0,0,0.0036743083
3012439,0,0,0.0075851227
3018699,1,0,0.26416543
2998141,0,0,0.010928315
2999492,0,0,0.002164013
3005737,0,0,0.012530965
3008596,0,0,0.034921788
2988035,0,0,0.017570347
3013842,0,0,0.0011523031
3005878,0,0,0.07406135
3014869,0,0,0.009458726
3012411,0,0,0.008354187
3010919,0,0,0.008422092
3009312,0,0,0.011923267
3004959,0,0,0.008399142
2990094,0,0,0.06322923
3008087,0,0,0.0036907762
3011917,0,0,0.00484549
2991137,0,0,0.0018974347
3000743,0,0,0.0096082
3015081,0,0,0.012979656
3012898,0,0,0.0039469176
3001243,0,0,0.05572768
3014882,0,0,0.0142458975
3017941,0,0,0.012473091
2993641,0,0,0.01951756
3004530,0,0,0.023699475
3011290,0,0,0.003326784
3001705,0,0,0.004841893
2991081,0,0,0.026777538
2994751,0,0,0.02456005
2992884,0,0,0.026643014
3014961,0,0,0.0025618211
3017966,0,0,0.030666932
3010436,0,0,0.005981543
2989165,0,0,0.0035766761
2997875,0,0,0.0450322
2997915,0,0,0.05201508
2997861,0,0,0.008560771
2999853,0,0,0.0032454836
2988781,0,0,0.002124386
2993436,0,0,0.0043474482
2995740,0,0,0.0062653553
3011263,0,0,0.013383811
3014636,0,0,0.0065070465
2996133,0,0,0.02114804
3016112,0,0,0.009875971
2989634,0,0,0.010790358
3001774,0,0,0.008051576
3003760,0,0,0.0015101194
2991964,0,0,0.00793433
2997808,0,0,0.0031480496
3007154,0,0,0.011850507
2994755,0,0,0.034202795
2996622,0,0,0.049572214
3000324,0,0,0.013793256
2995910,0,0,0.017404754
3009038,0,0,0.0026558265
3008234,0,0,0.008003547
2989933,0,0,0.015618741
3007571,0,0,0.032877695
3005471,0,0,0.0012224034
2987753,0,0,0.05167731
2988305,0,0,0.008385511
2996837,0,0,0.0034088483
2987504,0,0,0.0030039633
3013065,0,0,0.07232227
3014797,0,0,0.0040076603
3008437,0,0,0.020784654
2999999,0,0,0.0017597082
3015445,0,0,0.0071141766
2993297,0,0,0.005434662
3011282,0,0,0.0042989408
3007781,0,0,0.0064781588
3004002,0,0,0.007138276
3017174,0,0,0.019009573
2993334,0,0,0.004419526
2996288,0,0,0.003354341
2990626,0,0,0.019404467
3003751,0,0,0.01404543
2995063,0,0,0.01484527
3012300,0,0,0.0016941394
3001520,0,0,0.009789125
3015103,0,0,0.022513272
3001369,0,0,0.0064243977
3017709,0,0,0.0130633935
3002693,0,0,0.008986597
2988909,0,0,0.0015465867
3010140,0,0,0.0035153213
3018566,0,0,0.0018460171
3005275,0,0,0.04836917
3000517,0,0,0.06613376
2992883,0,0,0.008615674
2988871,0,0,0.039429072
3010765,0,0,0.018652448
3015902,0,0,0.0019304262
2997982,0,0,0.0006343086
3006461,0,0,0.0058832183
3014234,0,0,0.008396255
3004300,0,0,0.004639987
3000515,0,0,0.011184273
2996998,0,0,0.006485977
3003165,0,0,0.004837775
3001907,0,0,0.004290159
3012441,0,0,0.025889218
3000045,0,0,0.0022724776
2993154,1,0,0.06811911
2998690,0,0,0.050070446
3006597,0,0,0.007913485
2994116,0,0,0.046540145
3000875,0,0,0.008429618
2989834,0,0,0.0033313928
3006420,0,0,0.0076805977
2998837,0,0,0.018332852
3014249,0,0,0.007345062
3018591,0,0,0.002525523
3012709,0,0,0.014777241
2994034,0,0,0.00940054
3006468,0,0,0.0045194426
3009173,0,0,0.004216701
3018248,0,0,0.014247062
3017550,0,0,0.00459191
3007034,0,0,0.0525707
3018282,0,0,0.009281605
2987945,0,0,0.0016681555
2991894,0,0,0.0062524253
3003700,0,0,0.0048947777
3002722,0,0,0.20365822
2992496,0,0,0.007596632
3007450,0,0,0.06253963
2988980,0,0,0.001907781
3005289,0,0,0.010325585
3016635,0,0,0.010009213
3016970,0,0,0.0034087915
3011175,0,0,0.020200862
3012694,0,0,0.0017516303
3005881,0,0,0.0030461792
3018588,0,0,0.023097493
3005495,0,0,0.0022635725
3014355,0,0,0.0066472464
3017931,0,0,0.003835913
3002253,0,0,0.0050182086
3017062,0,0,0.008072347
3012933,0,0,0.017983194
3003827,0,0,0.0043003964
3005555,0,0,0.052595153
3016478,0,0,0.004083648
2988736,0,0,0.002827661
2987269,0,0,0.008765173
3003365,0,0,0.0025989
2988409,0,0,0.0090498915
3000708,0,0,0.0014353332
2994531,0,0,0.016588276
2992394,0,0,0.0026609532
3008088,0,0,0.0026408979
2998815,0,0,0.0015710824
2991608,0,0,0.016331425
2997802,0,0,0.00398716
2992574,0,0,0.003258605
2989759,0,0,0.0019322959
2989374,0,0,0.0012408486
3003532,0,0,0.015508737
3001347,0,0,0.0032672756
2987575,0,0,0.014826681
2990048,0,0,0.0014000295
3017360,0,0,0.0037318035
2999331,0,0,0.011231177
3014198,0,0,0.0032340214
2998719,0,0,0.0022962627
2998257,0,0,0.02016477
3001089,0,0,0.0042972066
2999334,0,0,0.004326413
3010870,0,0,0.0038157192
3015724,0,0,0.00599919
2996979,0,0,0.003591812
3011404,0,0,0.0031814568
3006337,0,0,0.019706154
3009493,0,0,0.004186874
3005892,0,0,0.005439866
3000775,0,0,0.0011920666
2991110,0,0,0.005536448
3014323,0,0,0.004957654
3002761,0,0,0.0041060336
2989329,0,0,0.020819893
3008204,0,0,0.008437042
3004051,0,0,0.036688056
2997542,0,0,0.0027359803
2994322,0,0,0.0013639722
3014441,0,0,0.22258708
2998927,0,0,0.0036715847
3008643,0,0,0.10262163
3001870,0,0,0.050166335
2995039,0,0,0.009542141
2999183,0,0,0.0038126607
2993285,0,0,0.035967067
3001507,0,0,0.032191195
3001867,0,0,0.0048711724
3001812,0,0,0.029664496
2996696,0,0,0.0081343325
2997334,0,0,0.0043352013
3007053,0,0,0.04439197
2998921,0,0,0.003838483
2995328,0,0,0.0032008337
2988765,0,0,0.01739576
3005323,0,0,0.009142369
3010565,0,0,0.004482829
3008793,0,0,0.0072207665
3008664,0,0,0.008518928
3007058,0,0,0.0037914775
3008662,0,0,0.00184707
3000091,0,0,0.013506704
3010136,0,0,0.004610139
2991233,0,0,0.0042132726
3013868,0,0,0.0021443723
2995019,0,0,0.009311794
3004596,0,0,0.0033642296
2994709,0,0,0.037795026
3002735,0,0,0.024071783
3017086,0,0,0.0061359485
3003527,0,0,0.0071353903
2996926,0,0,0.02261795
3001762,0,0,0.016993497
3008338,0,0,0.0057752803
3012716,0,0,0.0038704185
2993988,0,0,0.0051754513
2991924,0,0,0.0019074461
2990318,0,0,0.003239609
3013198,0,0,0.012303724
2998588,0,0,0.048481505
3014843,0,0,0.003480856
2998607,0,0,0.008911649
2990054,0,0,0.005127046
3001259,0,0,0.006615753
3014097,0,0,0.0052616484
2987825,0,0,0.010198108
3003208,0,0,0.0036531603
3000412,0,0,0.0023971424
3014942,0,0,0.007778832
2996131,0,0,0.0060851453
3005799,0,0,0.01548891
3001713,0,0,0.014373821
2997055,0,0,0.013949046
3017226,0,0,0.019312497
3000683,0,0,0.004671393
2999475,0,0,0.013493103
2994588,0,0,0.003942449
3016336,0,0,0.0034991428
2987126,0,0,0.008773923
3010655,0,0,0.015681474
3004291,0,0,0.0016397567
2995225,0,0,0.018102925
2995448,0,0,0.024567597
3004306,0,0,0.010806009
3010452,0,0,0.0061889533
3013822,0,0,0.004592124
3009102,0,0,0.020102799
3015799,0,0,0.008300107
3005064,0,0,0.0056305937
2992330,0,0,0.003922244
3012138,0,0,0.0043742633
3005761,0,0,0.047329705
3010707,0,0,0.013388226
2995331,0,0,0.006944512
3015909,0,0,0.003284714
3000050,0,0,0.027220245
2987164,0,0,0.0042586857
3005219,0,0,0.015332688
3015903,0,0,0.001901672
3007733,0,0,0.03256447
3001295,0,0,0.016319394
3001606,0,0,0.004243517
3008400,0,0,0.0066111633
2994639,0,0,0.00362748
3013281,0,0,0.006536273
3006321,0,0,0.0017930238
3009034,0,0,0.046984036
2992631,1,1,0.41923603
2987211,0,0,0.0032889785
3011497,1,1,0.9724088
2989189,0,0,0.009677946
3006002,0,0,0.0020385939
3013159,1,1,0.7645903
3016769,0,0,0.011013332
2998913,0,0,0.0018727151
2993459,0,0,0.012056961
3002775,0,0,0.0048905388
2992824,0,0,0.0016875963
3015580,0,0,0.002108007
3003774,0,0,0.0012118731
2990775,0,0,0.0056074755
2996583,0,0,0.005627156
3013324,0,0,0.081407614
2998119,0,0,0.026091225
3013257,0,0,0.004136022
3015197,0,0,0.0044071455
2988844,0,0,0.039010994
3015517,1,1,0.482315
2993472,0,0,0.004819035
3016167,0,0,0.0022492667
3001031,0,0,0.013078421
3005409,0,0,0.0086024795
3015952,0,0,0.0043011704
3015337,0,0,0.023125403
3017792,0,0,0.0068047596
2992414,0,0,0.004751124
3002306,0,0,0.0015249142
3010325,0,0,0.00837402
3011052,0,0,0.0020058793
3004404,0,0,0.010026962
2994223,0,0,0.016422715
2996209,0,0,0.0029681425
2987405,1,0,0.04083884
3002709,0,0,0.0015971428
3004028,0,0,0.0050420403
3004403,0,0,0.008297615
3002479,0,0,0.0040283664
3009267,0,0,0.007864233
2998749,0,0,0.011689864
3005331,0,0,0.0047162515
2997743,0,0,0.0068820985
2992188,0,0,0.0050059953
3017247,0,0,0.0038023223
3002646,0,0,0.0044108066
2993748,0,0,0.0062493295
3001043,0,0,0.0024474207
2998990,0,0,0.0058080526
3013420,0,0,0.0029750778
3013070,1,1,0.6115573
2998891,0,0,0.0010649967
2988718,0,0,0.0046462654
3002342,0,0,0.001324234
2995190,0,0,0.009963254
3018771,0,0,0.006624414
2990487,0,0,0.0018611487
3010259,0,0,0.011361703
3007225,0,0,0.006434072
3006435,0,0,0.02137818
3008852,0,0,0.0043323287
3016922,0,0,0.016272552
2993084,0,0,0.026129227
3007198,0,0,0.011229063
3017832,0,0,0.014978698
2988703,0,0,0.01615824
3010159,0,0,0.012402648
3006216,0,0,0.0024013962
3008725,0,0,0.0019444654
3016761,0,0,0.0031824913
3014007,0,0,0.005545587
2996485,0,0,0.0024671801
2989469,1,0,0.14712283
3013393,0,0,0.0007691258
3004840,0,0,0.001931872
3010408,0,0,0.0029096236
3013050,0,0,0.0040738774
2997202,0,0,0.011737342
2995143,0,0,0.005573309
2990285,0,0,0.015066838
2996603,0,0,0.004513521
2989803,0,0,0.167654
2987536,0,0,0.20042104
3017514,0,0,0.014219798
2993924,1,0,0.0038667491
2990143,0,0,0.048929032
2998963,0,0,0.0025573303
3013470,0,0,0.0068787495
2993332,0,0,0.006061517
2990847,0,0,0.008070687
2996495,0,0,0.0063044094
3007296,0,0,0.0028261489
2991349,0,0,0.0016404454
3011239,0,0,0.039570317
3005457,0,0,0.08330057
3013586,0,0,0.004570073
2995843,0,0,0.0058924314
3012020,0,0,0.005673498
2989227,0,0,0.0015892818
3015241,0,0,0.00089946826
2989657,0,0,0.0062709986
3015876,0,0,0.008245318
3017274,0,0,0.0021347874
3006426,0,0,0.022117238
2994804,0,0,0.0016713628
2991852,0,0,0.012659703
2999869,0,0,0.0060062176
2989505,0,0,0.024522249
2994221,0,0,0.0074504605
3001639,0,0,0.0154047
2989008,0,0,0.005313425
3001092,0,0,0.011762956
3004820,0,0,0.0019448105
2998748,0,0,0.0072698873
3013576,0,0,0.0064799944
3007095,0,0,0.0034551106
3015275,0,0,0.0011000382
2997601,0,0,0.07218872
3006691,0,0,0.0029088503
3008053,0,0,0.0366527
2989283,0,0,0.0049809744
3010605,0,0,0.0058093774
3017277,0,0,0.011744562
3007099,0,0,0.09123564
3007428,0,0,0.0019041618
2989246,0,0,0.005206354
3006949,0,0,0.0028762864
2988647,0,0,0.067069784
3013828,0,0,0.00907489
3015149,0,0,0.0028101036
2993657,0,0,0.002567118
2989345,0,0,0.0025199326
2990080,0,0,0.0016349894
3005337,0,0,0.014339153
3004454,0,0,0.008440494
3012705,0,0,0.0050209905
3013625,0,0,0.0016553679
2990378,0,0,0.0076795584
3011100,0,0,0.11874588
3012397,0,0,0.005499817
2990826,0,0,0.01732401
3009245,0,0,0.002648181
2987827,0,0,0.0029648128
2992256,0,0,0.029465549
3015505,0,0,0.0020130773
2998066,0,0,0.0027792475
2987530,0,0,0.0030319977
3013115,0,0,0.0030610762
3003546,0,0,0.014447174
2994894,0,0,0.007286552
2989483,0,0,0.036408838
3007786,0,0,0.039148353
2998400,0,0,0.008333004
3002973,0,0,0.007181443
3006582,0,0,0.0028435993
3011330,0,0,0.008771618
2999069,0,0,0.008625222
2991077,0,0,0.0059499666
3010882,0,0,0.01154777
3003229,0,0,0.0015434517
2989642,0,0,0.15001963
2988758,0,0,0.0021094389
3015642,0,0,0.0058238204
3000317,0,0,0.043915357
3005960,0,0,0.002539869
2997666,0,0,0.05015085
2987758,0,0,0.015122538
2995077,0,0,0.06253135
2993234,0,0,0.010855855
3007568,0,0,0.02322459
3018157,0,0,0.25670496
3004005,0,0,0.01952498
3001017,0,0,0.0011104029
3009549,0,0,0.020031167
3006912,0,0,0.009644217
2991578,0,0,0.013273194
3001510,1,1,0.7689057
2989557,0,0,0.004331617
3012964,0,0,0.026501501
2995599,0,0,0.024743473
2992481,0,0,0.012412715
3015764,0,0,0.005079256
3013910,0,0,0.036415372
2999962,0,0,0.090432085
2999937,0,0,0.009980606
2992856,0,0,0.0064101173
2987052,0,0,0.0091105765
2999251,0,0,0.024130292
2996544,0,0,0.0011561216
3005863,0,0,0.00048240376
3005501,0,0,0.013054543
2995626,0,0,0.0020249065
3018007,0,0,0.0057998206
3006365,0,0,0.008747083
2989336,0,0,0.005069706
2991427,0,0,0.030214338
3004188,1,0,0.0046905186
3015719,0,0,0.015220407
3010106,0,0,0.0018688418
3009992,0,0,0.042862438
3016377,0,0,0.0035515134
2996035,0,0,0.006408152
3010271,0,0,0.013998505
3009772,0,0,0.0041497555
2994944,0,0,0.0035258885
3007173,0,0,0.007890055
2998981,0,0,0.0008475693
3005367,0,0,0.011450366
2997600,0,0,0.0014874777
2987622,0,0,0.014104287
3005312,0,0,0.019981198
2997966,0,0,0.0067607956
3007342,0,0,0.005104955
3014450,0,0,0.0017815771
3002526,0,0,0.002232932
2999184,0,0,0.0034785264
2996282,0,0,0.0048165387
2990329,0,0,0.004690038
3001649,0,0,0.0010759399
3001498,0,0,0.21846882
3008188,0,0,0.0021536222
3014962,0,0,0.0076316106
2994712,0,0,0.0028390153
2995520,0,0,0.0074281655
3015527,0,0,0.004006077
3000834,0,0,0.0030148148
2988913,0,0,0.0047373087
3008809,0,0,0.014938376
2994523,0,0,0.0017745205
3017874,0,0,0.010793881
3002542,0,0,0.012205016
3018568,0,0,0.001312472
3009826,0,0,0.018530302
2988665,0,0,0.0035208997
3005778,0,0,0.0755352
3011816,0,0,0.0057108575
3018107,0,0,0.017478634
2996714,0,1,0.33505756
3006332,0,0,0.006166668
3014156,0,0,0.0075467736
3003078,0,0,0.013712301
2995887,0,0,0.027093662
3000499,0,0,0.0028959434
2991550,0,0,0.026301477
3014969,0,0,0.039759554
3001470,0,0,0.08744782
3001509,0,0,0.0022732962
3015402,0,0,0.019120963
2993872,0,0,0.0046975384
3007991,0,0,0.008100689
2994363,0,0,0.07362648
3015883,0,0,0.012660848
3006781,0,0,0.10682653
2994631,0,0,0.032721408
2993286,0,0,0.0055517014
3002470,0,0,0.0025029976
3008339,0,0,0.064374834
3014720,0,0,0.018180639
2992748,0,0,0.0021588616
2997531,0,0,0.011210649
3017036,0,0,0.0059045916
3010940,0,0,0.0033068748
3011593,0,0,0.010831581
3016538,0,0,0.008882246
2996539,0,0,0.018138465
2993844,0,0,0.015854184
3011943,0,0,0.016602214
2995581,0,0,0.006080625
2990298,0,0,0.0037018184
3018477,0,0,0.0152710285
3008859,0,0,0.008436448
2988776,0,0,0.009461475
3006724,0,0,0.026052292
2996639,1,0,0.009109229
2993085,0,0,0.00081344374
2995550,0,0,0.016083017
3018262,0,0,0.013850792
2999742,0,0,0.0035904676
2997606,0,0,0.00617234
2996069,0,0,0.0060215094
2993487,0,0,0.037303336
3015981,0,0,0.001866592
3016535,0,0,0.03469324
2992732,0,0,0.0065283137
3007735,0,0,0.0072793537
3002820,0,0,0.032600865
3009932,0,0,0.006908282
3016265,0,0,0.0031931389
3007685,0,0,0.02826177
2990533,0,0,0.0054064565
2992624,0,0,0.024390329
3007083,0,0,0.010243858
2998155,0,0,0.006691463
3001603,0,0,0.0062922686
3017056,0,0,0.000987425
3018137,0,0,0.0065149553
2997384,0,0,0.018434959
2989040,0,0,0.005436008
3013639,0,0,0.021462463
3002785,0,0,0.00503727
3018243,0,0,0.0052768243
2993199,0,0,0.009823379
3012980,0,0,0.005721942
2993674,0,0,0.036264833
3014529,0,0,0.0019553292
3006466,0,0,0.04177412
3002966,0,0,0.0008994126
3012161,0,0,0.001063861
3000419,0,0,0.0006867566
3015243,0,0,0.012926143
3005186,0,0,0.00088936405
3003823,0,0,0.0036934637
2991120,0,0,0.010371783
2988802,0,0,0.0041242624
3005059,0,0,0.0013420237
2990615,0,0,0.010153653
2996067,0,0,0.0063232356
3001824,0,0,0.027990922
2994140,0,0,0.011301232
3015549,0,0,0.049831595
2996321,0,0,0.0031337421
2993423,0,0,0.002209486
2988336,0,0,0.006841296
2993116,0,0,0.0030432844
3008710,0,0,0.0021142594
3013686,0,0,0.0025077215
2987584,0,0,0.0046065515
2999116,0,0,0.010444031
2997395,0,0,0.023086151
3016588,0,0,0.001172594
3002011,0,0,0.019046688
3013666,0,0,0.004937915
2996996,0,0,0.026213482
3005705,0,0,0.010199393
3011259,0,0,0.01921173
2998070,0,0,0.0021747085
3013307,0,0,0.010170527
2990758,0,0,0.006432328
3004317,0,0,0.0032356835
3018401,0,0,0.0028944595
3016434,0,0,0.0059321434
3007645,0,0,0.0024461767
2992770,0,0,0.0023174633
2998557,0,0,0.0036622118
2988304,0,0,0.006938204
2993232,0,0,0.0041981633
3006640,0,0,0.005134959
3017836,0,0,0.011102787
2996519,0,0,0.002284825
2987482,0,0,0.0033052422
2989089,0,0,0.0040867305
3000656,0,0,0.004850945
2988189,0,0,0.022562064
2996048,0,0,0.0031418216
2991919,0,0,0.0023164803
3016391,0,0,0.01519739
3011594,0,0,0.11953419
3015891,0,0,0.0035673212
3001979,0,0,0.004847224
2998652,0,0,0.003776199
3007806,0,0,0.0034287337
2988407,0,0,0.0051880316
2998774,0,0,0.016501905
3012067,0,0,0.004107707
3018324,0,0,0.0016892625
3011442,0,0,0.0026473652
2993471,0,0,0.00075067725
2995977,0,0,0.0036513936
3007474,0,0,0.0019839287
3017733,0,0,0.04696492
2998230,0,0,0.0029624908
2989752,0,0,0.008018067
3001174,0,0,0.008245903
3015235,0,0,0.0026779135
2998043,1,0,0.013569845
3010432,0,0,0.003737032
3005513,0,0,0.005891351
3004181,0,0,0.0044347
3009696,0,0,0.0013844327
2995284,0,0,0.014854135
3003387,0,0,0.007420431
3001345,0,0,0.010086658
2996339,0,0,0.006607257
2988682,0,0,0.0068937596
2999669,0,0,0.042672157
2994503,0,0,0.0063169803
2994447,0,0,0.0047469926
3013211,0,0,0.017857485
3008008,0,0,0.009313681
2999547,0,0,0.044733718
3006644,0,0,0.011409983
2987042,0,0,0.016818274
2998610,0,0,0.0018131359
3018330,0,0,0.0047853854
3012850,0,0,0.009288851
3016952,0,0,0.012946271
3012689,0,0,0.01158293
2991475,0,0,0.13283123
2994653,0,0,0.008922606
3013167,0,0,0.0017569001
2991097,0,0,0.0065390295
3017364,0,0,0.0038503949
3015965,0,0,0.006192899
3003549,0,0,0.007697548
3011795,0,0,0.0037192553
2989343,0,0,0.0037023742
3001875,0,0,0.0041396804
3002515,0,0,0.010102186
3010471,0,0,0.014992338
2988702,1,1,0.7599798
2989523,0,0,0.011115784
3007819,0,0,0.0017542869
2988131,0,0,0.011326493
3007798,0,0,0.0038610448
2990400,0,0,0.007538021
2995200,0,0,0.0071995184
3005006,0,0,0.07126536
3000851,0,0,0.005194013
2998699,0,0,0.015217877
3012576,0,0,0.0355564
3002679,0,0,0.01280373
2989090,0,0,0.00831318
3010686,0,0,0.0031132277
2993446,0,0,0.0043811467
2998038,0,0,0.004349459
3014295,0,0,0.006571564
2987281,0,0,0.0044398904
2996924,0,0,0.15193951
2988446,0,0,0.0023606273
3017504,0,0,0.010267692
3006127,0,0,0.0015066614
2990919,0,0,0.021927219
2992053,0,0,0.009665998
2991147,0,0,0.038023073
2998106,0,0,0.0020519062
3005732,0,0,0.0021721905
3000769,1,0,0.033731814
3004370,0,0,0.002407196
3015211,0,0,0.018172005
2996638,0,0,0.0047032004
3002025,0,0,0.010002057
3017988,0,0,0.0036362426
3002278,0,0,0.004692516
3012346,0,0,0.03408212
3004064,0,0,0.026984513
3007168,0,0,0.041456845
2989358,0,0,0.020355508
3001336,0,0,0.0018209232
2992091,0,0,0.0142838275
3011544,0,0,0.0059297956
2995874,0,0,0.010581162
2989581,0,0,0.0036092163
3018508,0,0,0.0011732511
2997916,0,0,0.0027472589
2988958,0,0,0.0044051604
2993461,0,0,0.0183161
2997251,0,0,0.013341885
2988156,0,0,0.0034606906
2997556,0,0,0.0023763538
2988153,0,0,0.0074237897
2997114,0,0,0.0070973863
3008143,0,0,0.0906519
2996232,1,0,0.026044182
2988320,0,0,0.0037667342
2996767,0,0,0.014628806
2999717,0,0,0.0074013323
3015843,0,0,0.0018637734
3017987,0,0,0.014059891
2992979,0,0,0.010561905
3014602,0,0,0.004010476
3012106,0,0,0.0044127163
3005454,0,0,0.01704248
3005676,0,0,0.05723985
3001888,0,0,0.0017621439
3018181,0,0,0.02242551
3001479,0,0,0.024436448
2989028,0,0,0.0037183175
3018493,0,0,0.013833706
2989507,0,0,0.024522249
3004635,0,0,0.025539469
3008351,0,0,0.009657845
3005558,0,0,0.004202699
2997031,0,0,0.0032920062
2988037,0,0,0.0027262282
2992693,0,0,0.0044599436
3005480,0,0,0.058290116
3016875,0,0,0.0022440527
3008607,0,0,0.014481678
3017290,0,0,0.0021638523
2997423,0,0,0.037183743
3001731,0,0,0.013941006
3013476,0,0,0.0022074329
2989772,0,0,0.0021665154
3007384,0,0,0.012779066
2998746,0,0,0.003408176
2998595,0,0,0.09606047
2996736,0,0,0.0019715116
3016049,0,0,0.007047843
2991217,0,1,0.35302475
2988927,0,0,0.0021143358
3006457,0,0,0.0131630525
3004008,0,0,0.05395994
3014030,0,0,0.0034656194
3008497,0,0,0.0023001058
3000275,0,0,0.0060380506
3011648,0,0,0.007803253
2997607,0,0,0.006183811
3014895,0,0,0.008393488
3003294,0,0,0.005303276
3014023,0,0,0.017903842
3009457,0,0,0.027388364
2997986,0,0,0.007272638
2998543,0,0,0.011642038
2991830,0,0,0.0054610614
3015709,0,0,0.0042673326
3014373,0,0,0.004798074
3012652,0,0,0.0056480244
3007985,0,0,0.0029176166
2989168,0,0,0.017041204
2993913,0,0,0.019098664
3016073,0,0,0.009909262
2988707,0,0,0.0009519111
3007050,0,0,0.0034917286
2994387,0,0,0.027257519
2991707,0,0,0.01106263
2998243,1,0,0.008911624
3016100,0,0,0.0022742795
3017751,0,0,0.0071713626
2994355,0,0,0.020353084
2998836,0,0,0.003105865
2996228,0,0,0.0043182047
2996130,0,0,0.006942289
2995553,0,0,0.010733011
3006397,0,0,0.009392094
2999645,0,0,0.0018630269
2999340,0,0,0.023502825
3001222,0,0,0.028245922
3018139,0,0,0.005501327
3008534,0,0,0.006521551
3004658,0,0,0.007766994
2997125,0,0,0.015482221
3011533,0,0,0.0033817946
3006554,0,0,0.0020872075
3009277,0,0,0.013807119
2998621,0,0,0.0040872777
3006380,0,0,0.11348265
3001889,0,0,0.0050483495
3013514,0,0,0.0035164605
3010739,0,0,0.024847185
2989078,0,0,0.0050264196
2994770,0,0,0.010367178
3017480,0,0,0.011374061
3009998,0,0,0.009781858
2993025,0,0,0.02499713
2996298,0,0,0.0070377095
3015011,0,0,0.040653873
3000007,0,0,0.004135631
2987766,0,0,0.010658276
2994012,1,0,0.017090837
3008552,0,0,0.0647278
3012816,0,0,0.0011574632
2993888,0,1,0.30208984
3014854,0,0,0.01567402
3000541,0,0,0.0025995825
2994861,0,0,0.008290254
2996938,0,0,0.020350255
2996424,0,0,0.007961084
2990933,0,0,0.005859947
3001666,0,0,0.021906275
2987614,0,0,0.006537069
2996375,0,0,0.012774687
3012711,0,0,0.0029591166
3015610,0,0,0.00299994
3013624,0,0,0.013697033
3007250,0,0,0.016338894
2998310,0,0,0.015049307
3013238,0,0,0.00096524117
2992433,0,0,0.0066112923
2988793,0,0,0.018714525
2994590,0,0,0.0074081207
2994896,0,0,0.0061675217
2999772,0,0,0.005407351
2999960,0,0,0.005108145
2992226,0,0,0.01289991
3005689,0,0,0.013782933
3003677,0,0,0.00417593
3000283,0,0,0.004683649
3013419,1,0,0.06436703
2995144,0,0,0.0024673631
3010210,0,0,0.0021823198
3015347,0,0,0.00245471
2996690,0,0,0.003300055
2996044,0,0,0.009491979
2999977,0,0,0.0028993492
3006820,0,0,0.024133578
3008789,0,0,0.0044256942
3004571,0,0,0.015568506
3013363,0,0,0.0051444923
3014341,0,0,0.0023128563
3003692,0,0,0.01760519
3001293,0,0,0.002776076
3002730,0,0,0.0051173503
3018083,0,0,0.023949599
3011981,0,0,0.21978188
2991259,0,0,0.0018161953
3002777,0,0,0.0059935935
2992922,0,0,0.009277918
2989174,0,0,0.00637213
2996483,0,0,0.024586905
3004665,0,0,0.028425062
2990604,0,0,0.004198903
3014697,0,0,0.005030707
2999467,1,0,0.23329775
3012383,0,0,0.0027591898
2997349,0,0,0.0034769466
2996526,0,0,0.007272583
2999812,0,0,0.0065390263
3009327,0,0,0.0016028907
3006581,0,0,0.0037255313
2997727,0,0,0.0025472522
3017479,0,0,0.004963785
2990510,0,0,0.0028431409
2991963,0,0,0.0019772463
3005353,0,0,0.0015762683
2996612,1,0,0.019043067
3012722,0,0,0.12966935
3006439,0,0,0.0072345035
3017779,0,0,0.008091074
3011578,0,0,0.043235112
3005057,0,0,0.06264914
3006738,0,0,0.0052458313
3016441,0,0,0.0032431
3011350,0,0,0.006474489
3008010,0,0,0.01372649
3015865,0,0,0.0026326831
3005701,0,0,0.001973546
3018732,0,0,0.0071843644
3012699,0,0,0.008212793
3007777,0,0,0.0058255796
3017798,0,0,0.0017069636
3014798,0,0,0.002294997
3014365,0,0,0.008157086
3006295,1,0,0.015680546
2995455,0,0,0.049256235
3014892,0,0,0.0023185993
2993500,0,0,0.018332312
3005786,0,0,0.02861926
3006932,0,0,0.004979694
2995469,0,0,0.0009578345
3014375,0,0,0.0020871966
3001760,0,0,0.0035483388
3012702,0,0,0.002146318
2993654,0,0,0.17315426
3018432,0,0,0.009089121
2989562,0,0,0.00381913
3009560,0,0,0.0040148916
2999320,0,0,0.0032006255
2989532,0,0,0.023617595
3002062,0,0,0.012561069
2993006,0,0,0.008944081
2988581,0,0,0.085117854
3007655,0,0,0.0058380454
2991823,0,0,0.004783151
3008927,0,0,0.009906684
3005493,0,0,0.0025760687
2994356,0,0,0.004188721
2999533,0,0,0.051189214
3004656,0,0,0.0028479048
2995493,0,0,0.03785113
3008985,0,0,0.008570517
3005441,1,1,0.62873816
2996744,0,0,0.009092338
3007374,0,0,0.010688971
3008067,0,0,0.0021616903
3002665,0,0,0.049377214
2999177,0,0,0.0041071763
2994652,0,0,0.021600334
3014716,0,0,0.012700202
2987352,0,1,0.59483254
2993371,0,0,0.017963795
3010458,0,0,0.002132971
2989616,0,0,0.007929568
3014482,0,0,0.008530039
2993463,0,0,0.001326971
2997373,0,0,0.18810599
2992329,0,0,0.002021577
2990710,0,0,0.19671996
3010697,0,0,0.04275932
3014489,0,0,0.004331654
3015514,0,0,0.0037134048
3009970,0,0,0.0014954759
3000210,0,0,0.012615074
3013001,0,0,0.02323062
2998172,0,0,0.010815948
3001269,0,0,0.019970067
3004675,0,0,0.011477683
2988565,0,0,0.0038530258
3006421,0,0,0.011335258
3004553,0,0,0.002400446
3002414,0,0,0.02067278
3007444,0,0,0.0029118876
3017996,0,0,0.007355743
3013674,0,0,0.0046976744
3008397,0,0,0.01709139
3018172,0,0,0.014070796
3016007,0,0,0.0059044403
2995742,0,0,0.046296187
3008979,0,0,0.0059964606
3014352,0,0,0.012422815
3012994,0,0,0.00176341
2988772,0,0,0.0038533334
3009580,0,0,0.014986875
2990877,0,0,0.003574133
2993138,0,0,0.0063817715
3009566,0,0,0.028676633
2993613,0,0,0.010303344
3005137,0,0,0.007517526
2993369,0,0,0.005971371
3004795,0,0,0.0075109615
3002423,0,0,0.0022589776
3002137,0,0,0.0011132297
2994922,0,0,0.015588922
3003363,0,0,0.0029029024
2988961,0,0,0.025795382
2996579,0,0,0.022327326
3017120,0,0,0.008347644
2998367,0,0,0.007201922
2990975,0,0,0.0049076993
3004305,0,0,0.0028821058
3014242,0,0,0.009164053
2988678,0,0,0.03324645
2998752,0,0,0.0017720043
2995465,0,0,0.075456485
2994841,0,0,0.008235834
2991304,0,0,0.026187848
2998330,0,0,0.005034819
3010701,0,0,0.01136217
3000239,0,0,0.00497976
2993119,0,0,0.0044106576
3004065,0,0,0.005140757
2989964,0,0,0.0038467168
3004943,0,0,0.003055871
2991967,0,0,0.0013148636
3004093,0,0,0.0040533734
3016315,0,0,0.013292375
2995041,0,0,0.033102512
3000123,0,0,0.007587363
3018446,0,0,0.011537347
3010577,0,0,0.0079164915
2997484,0,0,0.0049881404
3017674,0,0,0.10550844
2998498,0,0,0.0036633415
3003838,0,0,0.009413283
2992254,0,0,0.0065995087
2992455,0,0,0.0073745083
3005706,0,0,0.020241385
3004487,0,0,0.00084665726
3007451,0,0,0.018986393
2994706,0,0,0.007418226
2987062,0,0,0.003219069
3014912,0,0,0.010835322
3001514,0,0,0.01769616
3008663,0,0,0.008950893
3017617,0,0,0.0018916316
2998844,0,0,0.0086604515
3010255,0,0,0.021784047
3017076,0,0,0.009759809
3015133,0,0,0.012051139
2994665,0,0,0.00864708
2999558,0,0,0.0025196176
2988121,0,0,0.0033623257
3015373,0,0,0.0013009636
3009888,0,0,0.0023063943
2998236,0,0,0.0023996753
3015988,0,1,0.38139313
3017628,0,0,0.029218119
3003264,0,0,0.04606541
2998635,0,0,0.01783583
2997053,0,0,0.029655432
3010083,0,0,0.0068922876
2990490,0,0,0.0028405169
3016809,0,0,0.00863143
3006916,0,0,0.0023584263
3014456,0,0,0.0059057255
2995746,0,0,0.0072166855
3004123,0,0,0.01447433
2997123,0,0,0.0023604634
2987906,0,0,0.001888299
3015090,0,0,0.0042716446
3003922,0,0,0.0013962993
3015236,0,0,0.004435102
3018487,0,0,0.034179363
3003136,0,0,0.010723637
3012206,0,0,0.002610731
2990238,0,0,0.008010944
2989154,0,0,0.0032250416
2993462,0,0,0.018410232
2987208,0,0,0.0058787162
3016774,0,0,0.0080895545
2987436,0,0,0.020458752
3016046,0,0,0.05090334
2999393,0,0,0.0044996827
2994799,0,0,0.003131354
2990580,0,0,0.0022468315
3009641,0,0,0.0100142555
2999751,0,0,0.0020522391
3004203,0,0,0.003372861
2994762,0,0,0.028078733
2990505,0,0,0.0019326325
2998404,0,0,0.0063518826
2993057,0,0,0.006869228
2990799,0,0,0.06706847
3011655,0,0,0.0060789227
3002399,0,0,0.0047179842
3013428,0,0,0.012582353
3018410,0,0,0.01192921
2989602,0,0,0.024372214
3005770,0,0,0.009647451
3004543,0,0,0.0052582053
3001600,0,0,0.018436601
2991723,0,0,0.0040419074
3017020,0,0,0.010602489
3016178,0,0,0.002801333
2991695,0,0,0.0129817035
3012597,0,0,0.0066968747
3006517,0,0,0.008639795
2988515,0,0,0.035829604
3001957,0,0,0.009577715
2991773,0,0,0.010906931
3008628,0,0,0.007883327
2994619,0,0,0.0029614263
2996838,0,0,0.0020891808
2993912,0,0,0.008806575
3009554,0,0,0.0031314164
2987567,0,0,0.008010994
3015779,0,0,0.014040167
3012685,0,0,0.0028508122
3009653,0,0,0.022942705
3007990,0,0,0.0046357806
3018112,0,0,0.012300369
3007820,0,0,0.0020379256
3001250,0,0,0.018849358
2996147,0,0,0.013810072
3010258,0,0,0.0028363965
2992796,0,0,0.01753268
2991428,0,0,0.0056461394
3014721,0,0,0.0075585074
2990104,0,0,0.002311137
3017378,0,0,0.006818757
2993112,0,0,0.03131685
2992527,0,0,0.007687972
3013471,0,0,0.004243239
3011076,0,0,0.0012672589
2989886,0,0,0.013787801
2998341,0,0,0.01591288
3013606,0,0,0.014993986
2990009,0,0,0.007632831
2991487,0,0,0.011229694
3016990,0,0,0.0035881107
2987879,0,0,0.0012940395
3017813,0,0,0.002320877
3012618,0,0,0.008108125
2999561,0,0,0.0027273186
2997170,0,0,0.015323123
3017533,0,0,0.01259461
3010305,0,0,0.02545561
2994613,0,0,0.007366436
2994889,0,0,0.023492835
3017851,0,0,0.007859892
2987730,0,0,0.003401214
3004778,0,0,0.0026264312
3010899,0,0,0.0030282396
3018761,0,0,0.002386778
3018287,0,0,0.104044005
3012054,0,0,0.001345624
3009594,0,0,0.0014817958
3015813,0,0,0.0023298697
3010469,0,0,0.00401931
2991543,0,0,0.004904414
3016137,0,0,0.0029821596
2999801,0,0,0.0036096005
3004088,0,0,0.003943056
3009804,1,0,0.095616266
2994600,0,0,0.005654388
3018720,0,0,0.11432152
3013863,0,0,0.025267193
2998067,0,0,0.00494869
2996036,0,0,0.019038036
2990793,0,0,0.0022722764
2990103,0,0,0.0075267744
2993272,0,0,0.0033313835
2987367,1,1,0.86016786
3011947,0,0,0.003889526
3015493,0,0,0.00265592
3001559,0,0,0.051448118
3001103,0,0,0.0032799216
3014762,0,0,0.0032474622
3008385,0,0,0.013104123
2993877,0,0,0.043879274
3000912,0,0,0.0047393935
3010643,0,0,0.09341351
3010475,0,0,0.0065799304
2987727,0,0,0.023734879
3000209,0,0,0.004347473
2996525,0,0,0.070643246
2994395,0,0,0.009025831
3014612,0,0,0.008277746
3016068,0,0,0.016637595
3002359,0,0,0.013554681
2987893,0,0,0.008707708
3008251,0,0,0.006276011
3006740,0,0,0.0168462
2988162,0,0,0.00470623
2997040,0,0,0.0037034894
3017435,0,0,0.0021449672
2997544,0,0,0.009640702
3004511,0,0,0.0029818534
3005649,0,0,0.01636779
3001517,0,0,0.010159785
2996906,0,0,0.007906012
2992388,0,0,0.0036823277
3017423,0,0,0.0044480753
2994925,0,0,0.0033632831
3007190,0,0,0.013836678
3005618,0,0,0.02207272
3017426,0,0,0.005658583
2999932,0,0,0.007339595
3018724,0,0,0.02058187
3003217,0,0,0.0038673861
3011611,0,0,0.0019307038
3006567,0,0,0.01280147
3017077,0,0,0.00816832
3013276,0,0,0.009160421
2987786,0,0,0.010732211
2988106,0,0,0.0049522277
2988186,1,1,0.42684427
3017359,0,0,0.014687933
3012931,0,0,0.08492223
3004860,0,0,0.014966229
2996762,0,0,0.009843134
2987334,0,0,0.013797435
2999767,0,0,0.0050881077
3007292,0,0,0.002838933
3009228,0,0,0.0031997187
3013132,0,0,0.03754965
2994271,0,0,0.0028537198
2997674,0,0,0.009053874
3015316,0,0,0.041890066
3012055,0,0,0.009995308
3017102,0,0,0.020874936
2990816,0,0,0.009086832
3002814,0,0,0.011015144
3009738,0,0,0.0024263542
3014451,0,0,0.13753006
2996027,0,0,0.0016865475
2988814,0,0,0.04211543
3006887,0,0,0.004036534
3012985,0,0,0.016185703
2988378,0,0,0.006095629
3011843,0,0,0.010588477
2997076,0,0,0.0050580017
3003108,0,0,0.016967207
2999161,0,1,0.8682821
2987959,0,0,0.011371462
2989829,1,0,0.009538721
2996721,0,0,0.004278991
2993733,0,0,0.0030323248
2994463,0,0,0.008329312
2990351,0,0,0.0220305
3015434,0,0,0.07213301
2993220,1,1,0.95092297
3011332,0,0,0.0020431438
2987158,0,0,0.03798879
3008651,0,0,0.0014985757
2990289,0,0,0.013115857
3008326,0,0,0.23192956
3006387,0,0,0.004299057
3001055,0,0,0.0039506424
2999115,0,0,0.00867702
2991728,0,0,0.008585834
3016479,0,0,0.012007486
2996437,0,0,0.017638637
2996244,0,0,0.004191268
3012407,0,0,0.0019678466
2991258,1,1,0.5459755
3005117,0,0,0.0018093659
2996644,0,0,0.0025545256
3007636,0,0,0.02212421
2988346,0,0,0.011492419
3007327,0,0,0.02251571
3000768,0,0,0.0021217463
2987528,0,0,0.008447852
3009973,0,0,0.004431274
2998235,0,0,0.0026160693
3002945,0,0,0.0035712845
3005231,0,0,0.002157384
2996955,0,0,0.0046566543
3005903,0,0,0.002550005
3003799,0,0,0.0028049254
2998828,0,0,0.0028438885
3014011,0,0,0.007855566
3003109,0,0,0.0015192414
2994943,0,0,0.008477893
3002657,0,0,0.008541435
2991445,0,0,0.056680795
2991166,0,0,0.007388515
3007262,1,0,0.12539767
2992142,0,0,0.0046827337
2993541,0,0,0.02771444
3015092,1,1,0.8752684
3005714,0,0,0.027501976
3003689,0,0,0.011812185
3017651,0,0,0.06738744
3001545,0,0,0.08000635
2988108,0,0,0.0052453764
3008994,0,0,0.012838027
3004903,0,0,0.121826254
3017537,0,0,0.0066008875
3002835,0,0,0.0030133992
2993159,0,0,0.0028718917
3005114,0,0,0.0053673345
3017943,0,0,0.0032535505
2992594,0,0,0.018502496
2991681,0,0,0.0042787674
3008521,0,0,0.011009873
2987839,0,0,0.013503947
2990052,0,0,0.0012510194
3002720,0,0,0.008601056
2997018,0,0,0.0030276694
3001237,0,0,0.01430054
2994595,0,0,0.00512403
3016347,0,0,0.0020479243
3009219,0,0,0.012384426
3001372,0,0,0.0077448217
3018737,0,0,0.0055135707
2998578,0,0,0.0070548574
2987788,0,0,0.0067288317
2998304,0,0,0.006082265
2991950,0,0,0.0023755324
3000724,0,0,0.005166138
3008448,0,0,0.0028413557
2991820,0,0,0.009643561
3000376,0,0,0.047665995
3010694,0,0,0.0097318115
3010227,0,0,0.0034204847
2988796,0,0,0.003636776
2994573,0,0,0.0043654526
3008286,0,0,0.008526426
3013777,0,0,0.0014448707
3010240,0,0,0.0060322555
3009426,0,0,0.010920787
3012080,0,0,0.00056696567
2987283,0,0,0.0026953174
3013824,0,0,0.024063803
3000591,0,0,0.004405403
3013643,0,0,0.0011258229
2990426,0,0,0.07960572
2989315,0,0,0.0025009152
3018376,0,0,0.00092195836
3013078,0,0,0.051068366
3012014,0,0,0.0055846926
2998654,0,0,0.010303553
3000167,1,0,0.20529827
3007349,0,0,0.0026628596
3001140,0,0,0.002997515
2996293,0,0,0.0076245647
3009015,0,0,0.018308736
3011126,0,0,0.006490689
3000807,0,0,0.008269943
3014391,0,0,0.005664069
3010802,0,0,0.00786144
3004006,0,0,0.0071686846
3007881,0,0,0.0045459713
3007527,0,0,0.001783129
2989139,0,0,0.00846119
3018144,0,0,0.014313653
2992505,0,0,0.011920295
2988826,0,0,0.010460548
3018299,0,0,0.005959444
3006126,0,0,0.015392462
2999469,0,0,0.0035770293
2990004,0,0,0.003455283
3002366,0,0,0.006663655
3013580,0,0,0.0036484785
3018063,1,1,0.44171542
2995354,0,0,0.0069163544
2994436,0,0,0.012435193
3001752,0,0,0.021936264
3000026,0,0,0.0025564097
2989221,0,0,0.0066278195
3000616,0,0,0.015233928
2995524,0,0,0.012122974
3001948,0,0,0.017010806
3014839,0,0,0.001901769
3000455,0,0,0.0020658378
2988620,0,0,0.023004252
3008610,0,0,0.010163353
3002902,0,0,0.0045263343
3006524,0,0,0.013043232
3018672,0,0,0.012071378
3011498,0,0,0.010497618
2993619,0,0,0.0048248493
3008867,0,0,0.034544457
3018456,0,0,0.0084762415
2990639,0,0,0.019082587
2993447,0,0,0.008441882
3015856,0,0,0.0029104564
3017168,0,0,0.03038077
3003623,0,0,0.0019049305
3009068,0,0,0.024365587
2995878,0,0,0.023989547
3012246,0,0,0.017043872
2994302,0,0,0.013610346
3017029,0,0,0.006394935
2991369,0,0,0.010409395
3013709,0,0,0.003043869
2992946,0,0,0.0029426813
2999835,0,0,0.0084546
3004710,0,0,0.006706715
3015110,0,0,0.010311726
2993985,0,0,0.013330879
3001288,0,0,0.0076873205
3010444,1,0,0.03846907
2997099,0,0,0.0107262945
3004066,0,0,0.024582244
3005600,1,0,0.048700582
2996407,0,0,0.002761752
3008421,0,0,0.0016625505
3018590,0,0,0.003269938
3016253,0,0,0.0021592837
2995161,0,0,0.003138077
2991534,0,0,0.00519989
2992526,0,0,0.011482888
3011897,0,0,0.012689408
3015558,0,0,0.000677579
3000226,0,0,0.0033310966
2990798,0,0,0.009189035
3015751,0,0,0.002687524
3012284,0,0,0.02929798
2992354,0,0,0.017552955
3002753,0,0,0.015661627
3011365,0,0,0.05563916
2997274,0,0,0.0019570356
2988247,0,0,0.003716131
3009338,0,0,0.035406113
3017511,0,0,0.010250726
3002947,0,0,0.03834652
2990320,0,0,0.0039471444
3002165,1,1,0.6397254
3007441,0,0,0.018625187
2994476,0,0,0.0062498506
3016355,0,0,0.001236273
2995896,0,0,0.0027873549
3018528,0,0,0.0030156418
3005178,0,0,0.007164919
2990203,0,0,0.016156578
3012547,0,0,0.003485739
2988295,0,0,0.0066857915
2992396,0,0,0.009349648
2991702,0,0,0.002550773
2998489,0,0,0.019297142
2995587,0,0,0.072240144
3000332,0,0,0.0030386427
3005438,0,0,0.017617062
3005606,0,0,0.002835834
3016802,0,0,0.0068973647
3016928,0,0,0.0016143066
2989236,0,0,0.019357456
3014025,0,0,0.021407079
3011649,0,0,0.018659668
3013903,0,0,0.05119893
3001421,0,0,0.003145072
3007872,0,0,0.01191359
2990499,0,0,0.004541037
3004431,0,0,0.1836609
2999635,0,0,0.009006046
2997896,0,0,0.011221972
2996109,0,0,0.014952542
2990262,0,0,0.0566191
2993706,0,0,0.011329857
2998439,0,0,0.008585291
2996171,0,0,0.0073746378
3014694,0,0,0.0035548848
2998305,0,0,0.0011450459
3002671,0,0,0.008725779
3008083,0,0,0.007485797
2989390,0,0,0.009281075
2998462,0,0,0.057881944
3009608,0,0,0.005237316
3013207,0,0,0.021982566
2997684,0,0,0.0045557264
2995831,0,0,0.011385784
2998728,0,0,0.0027595363
2997963,0,0,0.0022694783
2988204,0,0,0.008340782
3002922,0,0,0.0033283972
3012589,0,0,0.0044219457
2995482,0,0,0.018883066
3004169,0,0,0.009334189
3011313,0,0,0.001437665
3009178,0,0,0.0020916883
2994499,0,0,0.004084468
3002397,0,0,0.007794522
2997622,0,0,0.012832595
3010311,0,0,0.0051693222
2995792,1,1,0.976309
3003254,0,0,0.002273558
2991567,0,0,0.0069012656
3005679,0,0,0.0025479211
3004555,0,0,0.020924836
2996595,0,0,0.061285693
3011341,0,0,0.008090032
2990185,0,0,0.002243788
2990926,0,0,0.0029642335
2993643,0,0,0.0033969642
3014507,0,0,0.0081961965
3010604,0,0,0.009237105
3009128,0,0,0.009451469
2987317,0,0,0.014731985
2992805,0,0,0.0035774477
3013891,0,0,0.0048456327
3011270,0,0,0.039231934
2995555,0,0,0.0069486434
2999493,0,0,0.12450285
3017799,0,0,0.010627273
2994019,0,0,0.035697423
3002815,0,0,0.016779935
3004859,0,0,0.0046692006
2988622,0,0,0.001804182
3016153,0,0,0.006014256
3003314,0,0,0.02199904
2988239,0,0,0.006787954
3007488,1,0,0.15677503
3003198,0,0,0.004733331
3001861,0,0,0.030119263
3007861,0,0,0.008028777
3000665,0,0,0.0014844015
2991022,0,0,0.0028974682
3016254,0,0,0.0042336658
3015829,0,0,0.014382506
2998884,0,0,0.008008406
2998512,0,0,0.014491603
2996236,0,0,0.009533313
3013224,0,0,0.0009711402
3012814,0,0,0.008790806
3000742,0,0,0.0050709667
3004050,0,0,0.0018203406
3011982,0,0,0.03292259
3016233,0,0,0.01361386
3015410,0,0,0.030287517
2990802,0,0,0.027114563
2993815,0,0,0.0047393935
3014951,0,0,0.00088802824
3018437,0,0,0.008708988
3001399,0,0,0.009882967
3015576,0,0,0.0035314383
3010495,0,0,0.004507946
2998452,0,0,0.0034922345
2999487,0,0,0.0433246
3006905,0,0,0.007913167
3008735,0,0,0.1557882
2987731,0,0,0.014161756
3008132,0,0,0.013133589
3002194,0,0,0.014989008
2999257,0,0,0.0042381245
3001267,0,0,0.005190845
2999756,0,0,0.027589023
3007633,0,0,0.0017570406
3008568,0,0,0.0027673312
3001042,0,0,0.008588587
3000687,0,0,0.009263408
2990209,0,0,0.0045137764
2999656,0,0,0.0099414345
2997731,0,0,0.011019114
3014907,0,0,0.021297233
2999965,0,0,0.014051843
2993698,0,0,0.0039278725
2995055,0,0,0.0031054178
2990008,0,0,0.009010353
2994790,0,0,0.045524504
3018643,0,0,0.0018821672
3003164,0,0,0.0029131572
3008207,0,0,0.018110272
3008110,0,0,0.0032198832
3012013,0,0,0.00084086973
3014367,0,0,0.009029073
2996172,0,0,0.016475614
2991143,0,0,0.0050525623
3005476,0,0,0.011073392
2996388,0,0,0.008102241
3015615,0,0,0.0016085813
3002156,0,0,0.0049024085
3002928,0,0,0.001979926
3010275,0,0,0.006422672
3004020,0,0,0.0067483736
3018562,0,0,0.006523318
3003396,0,0,0.014452627
3018267,0,0,0.023545254
3002469,0,0,0.009070025
2997756,0,0,0.01007988
3015173,0,0,0.0047072195
3005562,0,0,0.009423324
2993772,0,0,0.0007841289
3015097,0,0,0.005243928
2989364,0,0,0.0022795028
3002401,0,0,0.0063790022
2997987,0,0,0.001372636
2991998,0,0,0.0033492025
3004047,0,0,0.0035383434
3010422,0,0,0.006666272
3007958,0,0,0.004824618
3003474,0,0,0.0074129123
3015899,0,0,0.0057793283
2998568,0,0,0.006851382
3014715,0,0,0.010472737
2998637,0,0,0.003322371
3000849,0,0,0.045516588
3017557,0,0,0.0031474945
3002425,0,0,0.002729797
3008434,1,0,0.0049103196
3009149,0,0,0.019219859
2993520,0,0,0.003189195
3002811,0,0,0.04603631
3008976,0,0,0.0035281663
3012799,0,0,0.007944688
3016199,0,0,0.004475111
2987261,0,0,0.013176778
3015705,0,0,0.0019777564
3011316,0,0,0.008634842
2999705,0,0,0.0027675314
3011049,0,0,0.0074247806
2995216,0,0,0.0068559065
3007328,0,0,0.010029452
2995779,0,0,0.0051419544
3001458,0,0,0.039860487
2994997,0,0,0.0169472
3011067,0,0,0.00446343
3015852,0,0,0.006865914
2999392,0,0,0.018203186
2994234,0,0,0.0012952756
3018628,0,0,0.004921915
2998664,0,0,0.0057647214
2994924,0,0,0.0027304343
2989623,0,0,0.002174364
3003174,0,0,0.004107204
3017248,0,0,0.019597048
2994743,0,0,0.00787125
3006118,0,0,0.007840529
2996607,0,0,0.06583687
2987385,0,0,0.0023194333
3003096,0,0,0.013719803
2989275,0,0,0.0065065348
3002417,0,0,0.03271554
3010953,0,0,0.003518012
3008269,0,0,0.003064786
2995863,0,0,0.03577331
2997173,0,0,0.0114053255
3011756,1,1,0.9703888
3010998,0,0,0.027710374
3008084,0,0,0.008456011
3018235,0,0,0.004314768
3006125,0,0,0.0082368925
3001534,0,0,0.10026731
3004216,0,0,0.0038226165
3006558,0,0,0.017625753
3010461,0,0,0.00876488
2995411,0,0,0.0042086397
3009506,0,0,0.0070483633
3010292,0,0,0.004794084
3012677,1,0,0.0042130845
3004700,0,0,0.024505036
3000046,0,0,0.006712146
3006105,0,0,0.004327424
2992678,0,0,0.010765411
3009236,0,0,0.0029245883
3010264,0,0,0.0021982873
2990602,0,0,0.02129563
2994610,0,0,0.0069674533
3007683,0,0,0.0028104417
2994146,0,0,0.009539312
3012938,0,0,0.0049439566
3004171,0,0,0.04992714
3014380,0,0,0.014276591
2999793,0,0,0.008468495
3011378,0,0,0.006555815
3005306,0,0,0.019380387
2999686,0,0,0.01087636
2998943,0,0,0.027811522
3013090,0,0,0.007926876
3011178,0,0,0.0029462313
2994346,0,0,0.0050156377
3010142,0,1,0.37142354
3001632,0,0,0.010630858
2999039,0,0,0.016622834
3000848,0,0,0.004055389
3000037,0,0,0.0022273997
3013793,0,0,0.0075812866
3001041,0,0,0.0018114574
2990201,0,0,0.0058825742
3001837,0,0,0.022210428
3005623,1,1,0.9916495
2993508,0,0,0.012738956
3006324,0,0,0.004525883
2990768,0,0,0.007152978
2994420,0,0,0.0012927091
3004315,0,0,0.0041882955
3003621,0,0,0.015087835
2994269,0,0,0.027147852
3013150,0,0,0.007698302
3011771,0,0,0.010737705
2994698,0,0,0.016282424
2993443,1,0,0.028566923
3011242,1,0,0.0038480544
2999272,0,0,0.004930259
3017410,0,0,0.0024523933
3004182,0,0,0.014382329
3006683,0,0,0.0010569576
2994150,0,0,0.014634347
2991434,0,0,0.005256547
3015818,0,0,0.04558477
3004264,0,0,0.008055275
3003944,0,0,0.013061801
3017492,0,0,0.0074738497
2998790,0,0,0.053129487
3016323,0,0,0.0052352697
3009678,0,0,0.0067278915
3009820,0,0,0.0048764474
3006744,0,0,0.0076133413
2992647,0,0,0.013426846
3017925,0,0,0.011356589
2994519,0,0,0.0023377503
2993788,0,0,0.0031972376
3011191,0,0,0.110379
2989899,0,0,0.0923444
3016997,0,0,0.0028487106
3015655,0,0,0.019053563
3007071,0,0,0.020262824
3018214,0,0,0.003729023
3014319,0,0,0.015176209
2997643,0,0,0.004214377
2995104,0,0,0.015808929
2991987,0,0,0.0022005644
2998875,0,0,0.008277244
2994057,0,0,0.0061381445
2997589,0,0,0.0019157077
2998317,0,0,0.001871636
3005380,0,0,0.004221854
3013119,0,0,0.016189119
2994275,0,0,0.0026386369
2987515,0,0,0.003374596
3000706,0,0,0.018684233
3000255,0,0,0.0031197416
2989658,0,0,0.025457712
3008252,0,0,0.022812009
2988291,0,0,0.025648449
3009066,0,0,0.010101953
3012647,1,1,0.9867546
2989148,0,0,0.0056256247
2995968,0,0,0.0015972622
2991378,0,0,0.004449518
3018230,0,0,0.008787951
2993575,0,0,0.007924209
3013961,0,0,0.036423687
2987925,0,0,0.008864608
2989522,0,0,0.002375817
2993928,0,0,0.00940205
2993848,0,0,0.0031654374
2999371,0,0,0.004102991
3012098,0,0,0.024142025
3003281,0,0,0.040203944
2997232,0,0,0.0013509877
3016453,0,0,0.0044106557
3003328,0,0,0.10214459
3017773,0,0,0.004761204
3016528,0,0,0.012179719
2993625,0,0,0.0053383647
2990724,0,0,0.0065729334
2990116,0,0,0.020750191
3010187,0,0,0.034294028
3000394,0,0,0.0676577
2998391,0,0,0.015279363
2992881,0,0,0.036951203
3017067,0,0,0.0046040136
3002863,0,0,0.0026660592
2998298,0,0,0.006168302
3015714,0,0,0.0017411336
3003369,0,0,0.0091519505
3008740,0,0,0.006210674
3018055,0,0,0.0020269542
3007350,0,0,0.016874025
3006171,0,0,0.0063646017
3016818,0,0,0.0032701916
3013436,0,0,0.0012822053
3015480,0,0,0.004003682
3011488,0,0,0.0049328944
2994542,0,0,0.0019891246
3017362,0,0,0.004539653
2995564,0,0,0.003604747
3003926,0,0,0.009455354
2988830,0,0,0.003200271
2993263,0,0,0.012382187
3011656,0,0,0.009088472
3016274,0,0,0.0053481977
3000586,0,0,0.020515922
3008158,0,0,0.0063328966
3014816,0,0,0.0023509213
3007136,0,0,0.02262216
2987144,0,0,0.005050779
3007128,0,0,0.09021706
2994657,0,0,0.014529317
2987361,0,0,0.008428366
3006571,0,0,0.19832456
3000452,0,0,0.0021551936
2993519,0,0,0.0039061531
2993704,0,0,0.008668623
3009698,0,0,0.004352808
2995323,1,0,0.014365818
2995845,0,0,0.010465165
3015118,0,0,0.0042122225
3009030,0,0,0.018948063
3004866,0,0,0.0007368153
3006821,0,0,0.0020577847
2994118,0,0,0.08003925
3006412,0,0,0.004789509
3000216,0,0,0.015151897
2994373,0,0,0.0052969833
3009407,0,0,0.015341847
3009332,0,0,0.0032145127
2995274,0,0,0.0357245
3012445,0,0,0.0032407162
2990055,0,0,0.005365815
3016292,0,0,0.0036803826
2987634,0,0,0.019314064
2996747,0,0,0.0021053064
3007481,0,0,0.001438084
2987996,0,0,0.006931535
3017973,0,0,0.15580927
2991035,0,0,0.0024092454
3006227,0,0,0.0040234164
2992520,0,0,0.00742419
2988726,0,0,0.0097282
3014987,0,0,0.001339119
2992202,0,0,0.05782258
3010737,0,0,0.008084559
3015809,0,0,0.0029861717
2989905,0,0,0.002173678
3011511,0,0,0.0016634555
3000041,0,0,0.0048434027
2994517,0,0,0.0027398968
2999511,0,0,0.0034474828
2993812,0,0,0.00624673
2994104,0,0,0.028013922
2996532,0,0,0.0011513699
2996157,0,0,0.0017870647
2992408,0,0,0.0152545795
3012766,0,0,0.016174704
3012792,0,0,0.006429823
3013522,0,0,0.012191543
2992648,0,0,0.008774728
3017472,0,0,0.013997083
3017381,0,0,0.013608271
2993441,0,0,0.028205652
2991397,0,0,0.0072309636
3001327,0,0,0.006024561
3009092,0,0,0.00415699
3005453,0,0,0.0024968751
2995160,0,0,0.006518308
2994697,0,0,0.004940083
3007255,0,0,0.056416184
3004385,0,0,0.0026479834
3007062,1,1,0.55889624
2999181,0,0,0.011518504
2990541,0,0,0.0038147348
3005019,0,0,0.015744416
3005050,0,0,0.051539004
3010542,0,0,0.023007972
2990235,0,0,0.03136192
2999747,0,0,0.012984142
3003036,0,0,0.0037793845
3007127,0,0,0.003478434
2991470,0,0,0.0011783391
3007701,0,0,0.004288153
3017279,0,0,0.018283205
3012366,0,0,0.0015952537
3008991,0,0,0.0038319083
3007077,0,0,0.005104468
3011035,0,0,0.008446789
3012812,0,0,0.0073722117
2997968,0,0,0.0017022872
2999444,0,0,0.012871948
3011790,0,0,0.002848678
2992511,1,0,0.039565153
3000777,0,0,0.029038506
2988855,0,0,0.025374949
3007102,0,0,0.0018307423
3016028,0,0,0.0039272737
3006890,1,0,0.00849564
3018784,0,0,0.03898202
3012947,0,0,0.00906446
3003736,0,0,0.0042548254
3003542,0,0,0.0035459455
2996399,0,0,0.025568124
3013542,0,0,0.01920638
2995790,0,0,0.0035574702
3002100,1,1,0.7330853
3009105,1,1,0.96449983
3009473,0,0,0.019959103
3003428,0,0,0.020027123
2988903,0,0,0.004347863
2988667,0,0,0.014585018
3004309,0,0,0.0041664103
2990072,0,0,0.021080993
2992989,0,0,0.014683689
3002287,0,0,0.0019328862
3007355,0,0,0.0038786414
3003553,0,0,0.006538295
2989816,0,0,0.0019686297
3003249,0,0,0.03605377
3016051,0,0,0.0033432245
3008120,0,0,0.0051157745
3013995,0,0,0.004934418
2994975,0,0,0.005863337
3012178,0,0,0.020129658
2990021,0,0,0.02413675
2989440,0,0,0.0063808253
3004809,0,0,0.004575482
3012509,0,0,0.0016810913
3014557,0,0,0.1769046
2999881,0,0,0.0024459115
3012215,0,0,0.011306752
2990613,0,0,0.011840812
3016870,0,0,0.005065895
3012735,0,0,0.021609368
2987924,0,0,0.00941544
3002901,0,0,0.007852582
2990371,0,0,0.004851143
3012155,0,0,0.0013109996
3005660,0,0,0.0016432537
3007604,0,0,0.001014325
3012787,0,0,0.005379271
2992171,0,0,0.011817279
2990960,0,0,0.001502832
2995451,0,0,0.007943369
3000105,0,0,0.004186695
2994920,0,0,0.013425046
3006663,0,0,0.0075139944
2990725,0,0,0.016510561
3015225,0,0,0.003485956
2996728,0,0,0.01883494
2991092,1,1,0.98481363
3003349,0,0,0.014505086
3007166,0,0,0.015016003
3005869,0,0,0.025367515
3014282,0,0,0.008280377
3005817,0,0,0.008585623
3003937,0,0,0.0021457644
3015248,0,0,0.0037073938
2988834,0,0,0.013745436
2995958,0,0,0.018646631
2992487,0,0,0.004871091
2988261,1,0,0.046222754
3013517,0,0,0.00410807
3008873,0,0,0.011225713
2988884,0,0,0.0017480563
2990995,0,0,0.004557089
2997959,0,0,0.0044357297
2989897,0,0,0.0041343058
3010699,0,0,0.0019528768
3007234,0,0,0.005210544
3003749,0,0,0.01150149
3002369,0,0,0.0014677005
3003460,0,0,0.008812521
3000553,0,0,0.010256044
3003009,0,0,0.008252191
3016971,0,0,0.03143141
3017044,0,0,0.026815765
3008573,0,0,0.0062401146
3007514,0,0,0.00419117
2993566,0,0,0.0020098418
3013157,0,0,0.006358577
3015553,1,1,0.9665367
2998788,0,0,0.011036577
3010716,0,0,0.0053159636
3015306,0,0,0.021078652
3006864,0,0,0.0024539349
2994805,0,0,0.005963061
2996401,0,0,0.0026464714
3012323,0,0,0.007863117
3008750,0,0,0.008513444
3018171,0,0,0.011400843
2996921,0,0,0.0859083
2993666,0,0,0.054390818
2992867,0,0,0.010779878
2994097,0,0,0.013941583
2993752,0,0,0.0033489668
3003388,0,0,0.0034851758
2995071,0,0,0.0078966115
3009367,0,0,0.0010954567
3013752,0,0,0.010680231
2994779,0,0,0.027757771
3012476,0,0,0.006215888
3000779,0,0,0.014380788
3005580,0,0,0.0040623844
3006006,0,0,0.0069658826
2994442,0,0,0.004703236
3003030,1,0,0.08769958
2997166,0,0,0.0023865963
2998560,0,0,0.033080366
2998978,0,0,0.00403928
3004295,0,0,0.013745365
2996343,0,0,0.006082951
3010405,0,0,0.015483225
2996309,0,0,0.006893159
2997548,0,0,0.0027193504
2991348,0,0,0.003100447
3017091,0,0,0.04739891
2993549,0,0,0.004404592
2987173,0,0,0.0075677303
3007054,0,0,0.0017961381
3016331,0,0,0.0033440904
3004035,0,0,0.020021556
3015958,0,0,0.017594578
2993353,0,0,0.0017077194
3017490,0,0,0.0053365366
3005160,0,0,0.03162374
3016522,0,0,0.0717401
3007176,0,0,0.005070565
3000595,0,0,0.013590228
2993893,0,0,0.011661092
3008877,0,0,0.00260345
2989883,0,0,0.0049903207
2987247,0,0,0.004378716
2997997,0,0,0.0011384143
2994771,0,0,0.004177334
3018728,0,0,0.007276491
3009517,0,0,0.03327848
3010588,1,0,0.04797092
3011193,0,0,0.0022204902
3004748,0,0,0.004624237
3004012,0,0,0.0688956
3001671,0,0,0.008934944
3017356,0,0,0.007288242
2996933,0,0,0.0067865397
2999122,0,0,0.029634329
3009399,0,0,0.0046649985
3002628,0,0,0.004149695
3000505,0,0,0.007374582
3011929,0,0,0.0015599584
3000080,1,1,0.66460186
3001854,0,0,0.007629127
2988216,0,0,0.004792305
3018380,0,0,0.015470516
3002989,0,0,0.0046205726
2998405,0,0,0.012968231
3012575,0,0,0.006039391
3005508,0,0,0.0033197429
3009091,0,0,0.0051748697
2988503,0,0,0.1110665
2998300,0,0,0.0031129762
3015681,0,0,0.0040881103
3016801,0,0,0.003176594
3015749,0,0,0.0041917674
3010356,0,0,0.0066644186
2996457,0,0,0.005566986
2991030,0,0,0.0072951424
3018321,0,0,0.019165369
2991113,0,0,0.008645899
3005081,0,0,0.0034527178
3004422,1,0,0.00993352
2988687,0,0,0.0027640054
3011294,0,0,0.007095007
2997619,0,0,0.004474661
2993132,0,0,0.06895276
2991357,0,0,0.0024993941
2996653,0,0,0.00930449
2992745,0,0,0.0063368045
2989735,0,0,0.0016884514
3017431,0,0,0.0034738565
3001658,0,0,0.0138163995
3017928,0,0,0.003991349
3004318,0,0,0.0022540328
3010925,0,0,0.0014195186
3010549,0,0,0.009262445
2994005,0,0,0.029869242
3006226,0,0,0.08056735
2996482,0,0,0.0077943313
2994274,0,0,0.015291456
3001620,0,0,0.0050256425
3011144,0,0,0.014255141
2988227,0,0,0.037875768
2997057,0,0,0.0017538988
3001943,0,0,0.0006316235
3014092,0,0,0.025742225
3016353,0,0,0.007672719
2990609,0,0,0.00412541
2994806,0,0,0.0026969982
2987524,0,0,0.0031782251
3005119,0,0,0.011046763
3008688,0,0,0.012739237
3002570,0,0,0.0058251573
3000556,0,0,0.012287516
3011887,0,0,0.021369731
2993563,0,0,0.0024173902
3000449,0,0,0.0020283898
3003230,0,0,0.002933091
3013407,1,1,0.9676151
3011883,0,0,0.003584156
2999529,0,0,0.0038467187
3001641,0,0,0.006511271
2988614,0,0,0.005013854
3008870,0,0,0.008648089
2997823,0,0,0.002416905
3009858,0,0,0.0015022047
3009715,1,1,0.55882853
2996594,0,0,0.0047874204
3014151,0,0,0.0038493415
2996051,0,0,0.011902936
2988317,0,0,0.0031455248
3010543,0,0,0.0061204457
3014444,1,1,0.65939265
3003711,0,0,0.003997836
3006418,0,0,0.010651782
3011275,0,0,0.006508076
3002119,0,0,0.0052296007
3006372,0,0,0.0034876277
2996345,0,0,0.015787687
2993215,0,1,0.3927949
3013268,0,0,0.013664231
3008930,0,0,0.018421855
2998281,0,0,0.012725517
2996246,1,0,0.006072455
2988911,0,0,0.022522125
2998645,1,1,0.6757112
2991908,0,0,0.03816466
3015604,0,0,0.006435291
3016387,0,0,0.0087755285
2987899,0,0,0.002393148
3014254,0,0,0.009881885
3009113,0,0,0.0039200857
3009133,0,0,0.0014049005
2997153,0,0,0.031278417
2990380,0,0,0.012047461
2987365,0,0,0.0017990257
3012961,1,0,0.08346288
3016071,0,0,0.017530946
3011721,0,0,0.005932306
2994581,0,0,0.0018639846
3016867,0,0,0.005533538
3009169,0,0,0.005681609
3001008,0,0,0.0148826735
3000027,1,0,0.030852318
2996982,0,0,0.0031523306
2999699,0,0,0.0031932434
2997652,0,0,0.03614958
3013872,0,0,0.028310003
2996351,0,0,0.011372983
2999926,0,0,0.010442686
2991671,0,0,0.0024078165
3018179,0,0,0.056145545
2989922,0,0,0.0042582224
3009526,0,0,0.010502814
3002251,0,0,0.010677255
2988172,0,0,0.009156249
3005861,0,0,0.018739104
2997191,0,0,0.026819902
2998259,0,0,0.0012760254
2990642,0,0,0.013085014
2998700,0,0,0.022712067
3014769,0,0,0.012278439
2991648,0,0,0.003728203
3010427,0,0,0.0033847305
3003216,0,0,0.0037014612
3009552,0,0,0.0042157783
2996574,0,0,0.0034588662
3001434,0,0,0.010255158
3007529,0,0,0.01458935
3017125,0,0,0.018412197
2989219,0,0,0.002445782
3012040,0,0,0.003840646
3012311,0,0,0.020457314
2993731,0,0,0.0053579896
2993503,0,0,0.014119294
2994888,0,0,0.07548257
2999058,0,0,0.0103317695
2992118,0,0,0.0058577857
3012846,0,0,0.008577355
2991291,0,0,0.006912641
2999931,0,0,0.0015610631
2993932,0,0,0.0026749605
2999955,0,0,0.0048947847
3011905,0,0,0.0018161729
3018760,0,0,0.01659278
2999935,0,0,0.0060554096
3017194,0,0,0.007853369
3002413,1,1,0.5867779
2990718,0,0,0.0033254784
2999781,0,0,0.0031120323
2997147,0,0,0.002168859
3008920,0,0,0.0030076986
2994736,0,0,0.013662483
3016335,0,0,0.0046545975
2989271,0,0,0.003285899
3015959,0,0,0.0050115874
3018633,0,0,0.0075672898
3004440,0,0,0.117441975
3009482,0,0,0.009192742
2991334,0,0,0.0106042
3004456,0,0,0.01397577
3008563,0,0,0.016003147
2988808,0,0,0.002000762
2993580,0,0,0.0028288688
2996094,0,0,0.002876129
3012101,0,0,0.002602013
2998407,0,0,0.0055286773
3013999,0,0,0.0055289133
3013058,0,0,0.022407975
3004590,0,0,0.014377071
3014677,0,0,0.005961108
3015072,0,0,0.009119104
2997905,0,0,0.0036742997
3017993,0,0,0.0029721572
3016744,0,0,0.0026992154
3000043,0,0,0.01687654
2990755,0,0,0.0029297655
3000821,0,0,0.022028279
3002984,0,0,0.015590012
3015504,0,0,0.003197163
3002740,0,0,0.004724065
3000563,0,0,0.009078454
3010935,0,0,0.0057213968
3012361,0,0,0.0023174733
2987156,0,0,0.003634479
3010915,0,0,0.014241512
3004324,0,0,0.25387147
3006167,0,0,0.008663716
3002444,0,0,0.0020323938
3008545,0,0,0.001494786
3012568,0,0,0.0020833672
3014728,0,0,0.015614364
2999064,0,0,0.007673721
2991017,0,0,0.003132384
2997961,0,0,0.005177347
3006793,0,0,0.015780361
3017393,0,0,0.0027968932
2989765,0,0,0.0073242625
2995460,0,0,0.03063597
2998035,1,0,0.13054322
2997654,0,0,0.014704118
2997952,0,0,0.0038417699
2992417,0,0,0.010121264
2989509,0,0,0.0024085245
2998348,0,0,0.0026445528
3002690,0,0,0.009718003
2998463,0,0,0.005867291
2990246,0,0,0.0023131897
3003262,0,0,0.0011335992
3003902,0,0,0.003415964
3001048,1,1,0.9227388
3012785,0,0,0.009950784
2990924,0,0,0.005571058
2998416,0,0,0.008968456
2990839,0,0,0.0044185966
2988763,0,0,0.26859716
3003664,0,0,0.002937833
2993739,0,0,0.008058236
3016926,0,0,0.0015370453
3014570,0,0,0.0026091943
3007606,0,0,0.025054304
2995826,0,0,0.0030496814
3015029,0,0,0.0021024994
3005484,0,0,0.0037574626
3006410,0,0,0.001643911
3014991,0,0,0.0030877553
3001389,0,0,0.004929525
2988208,0,0,0.011573931
2994842,0,0,0.019270286
3001038,0,0,0.014664895
2999884,0,0,0.0022853373
3005257,0,0,0.0041120104
2990162,0,0,0.10861117
3004730,1,1,0.9862867
3018008,0,0,0.008360137
3002110,0,0,0.006659329
3010845,0,0,0.0035531726
3005871,0,0,0.0021319392
3009989,0,0,0.009501358
3001825,0,0,0.028706083
3000633,1,0,0.27944502
3014279,0,0,0.009432355
3010005,0,0,0.0069111716
2987846,0,0,0.010467906
2988751,0,0,0.003290112
3016630,0,0,0.0040793195
3012554,0,0,0.039450977
2997900,0,0,0.09142626
2997627,0,0,0.019558894
3014935,0,0,0.0036963406
2999811,0,0,0.0060732034
2996939,0,0,0.0034098818
2988983,0,0,0.008117557
3012019,0,0,0.013097847
2992561,0,0,0.005647478
2992072,0,0,0.002592106
2999059,0,0,0.003340212
3003727,0,0,0.0044227852
2996371,0,0,0.002000679
2996555,0,0,0.0045867236
3014250,0,0,0.0069493772
3013496,0,0,0.023846997
3002081,0,0,0.0055969507
3009610,0,0,0.0041247713
3011561,0,0,0.003065551
3017028,0,0,0.023910355
2998593,0,0,0.006228776
3006269,0,0,0.011099312
3015096,0,0,0.0046774917
2989453,0,0,0.016490355
3011241,0,0,0.0049216417
3017070,0,0,0.008888889
3017658,0,0,0.02180476
3008812,0,0,0.010946265
3000268,0,0,0.006727866
2995819,0,0,0.007291921
2995934,0,0,0.0030813008
2998022,0,0,0.0077501815
2988195,1,1,0.38749397
2988675,0,0,0.006345864
3010394,0,0,0.03331733
2997717,0,0,0.005082373
3001190,0,0,0.013556665
2996241,0,0,0.0032879827
3017184,0,0,0.0017015452
3004969,0,0,0.004696526
2999378,0,0,0.009933126
2992668,0,0,0.26487184
2994111,0,0,0.007858662
2994658,0,0,0.0023610159
3016275,0,0,0.00951758
3007789,0,0,0.008335427
3014419,0,0,0.007607539
3008590,0,0,0.0042610136
3017915,0,0,0.0044417772
3000480,0,0,0.017179558
3014107,0,0,0.003132929
3006844,0,0,0.010888032
2996793,0,0,0.004524549
3005682,0,0,0.065508135
3014598,0,0,0.003538066
2997759,0,0,0.0026955903
3006123,0,0,0.0036706093
2990750,0,0,0.0024041382
2993790,0,0,0.0076056067
2991238,0,0,0.03374805
3010562,0,0,0.0016769104
3016149,0,0,0.031081554
3012875,0,0,0.0022206064
2998297,0,0,0.037805222
2998822,0,0,0.0036291212
2996208,0,0,0.00085918384
2989408,0,0,0.008479083
2987209,0,0,0.022532756
2994928,0,0,0.001199757
3004827,0,0,0.0025518446
3014763,0,0,0.0053773043
2989464,0,0,0.015914388
3001519,0,0,0.004091659
3003973,0,0,0.030227067
2998839,0,0,0.0041733347
2996930,0,0,0.0025985541
2997621,0,0,0.0029943176
3008070,0,0,0.0015539661
3015954,0,0,0.003217385
2998135,0,0,0.0148201985
2995689,0,0,0.007054891
3005655,0,0,0.00256631
2992170,0,0,0.008350995
2992846,0,0,0.005907881
2995494,0,0,0.004436262
3016518,0,0,0.005729456
3010790,0,0,0.0014448074
3006131,0,0,0.004688847
3002463,0,0,0.0092663895
3008597,0,0,0.033324074
3015895,0,0,0.0074178465
3014290,0,0,0.0033525927
3007540,0,0,0.09625612
3001686,0,0,0.004911622
2993075,0,0,0.0056493343
3010115,1,1,0.35525203
3004792,0,0,0.0030795378
2994171,0,0,0.00064137974
2993747,0,0,0.008362684
2988761,0,0,0.024318602
3009617,0,0,0.0029141493
2988132,0,0,0.002464677
3016985,0,0,0.0030093489
2998121,0,0,0.0037895364
3001986,0,0,0.01519343
3003933,0,0,0.040705267
3012753,0,0,0.032159273
3002952,0,0,0.011928913
3010097,0,0,0.003978937
3015734,0,0,0.0054730703
2997104,0,0,0.004941771
2999501,1,0,0.005014655
3011190,0,0,0.0051142485
3009769,0,0,0.009847918
3010230,0,0,0.009965309
3005594,0,0,0.0027910634
3011604,1,1,0.7685955
3008559,0,0,0.011526688
2998239,0,0,0.02828096
2995036,0,0,0.012272906
2989682,0,0,0.0075629656
3008529,0,0,0.0012612513
3007847,0,0,0.0037705598
3002768,0,0,0.00925066
2991108,0,0,0.00521359
2992335,0,0,0.0015167876
2993676,0,0,0.0038581921
2992553,0,0,0.0047645224
3004019,0,0,0.0023004462
3017787,0,0,0.028115042
2993887,0,0,0.0012357133
2988088,0,0,0.045316786
3011738,1,1,0.98390794
2994444,0,0,0.006671768
3003518,0,0,0.010799921
3013163,0,0,0.0055123577
2993081,0,0,0.22643273
2994267,0,0,0.003732215
3001856,0,0,0.002423821
2994867,0,0,0.009503669
2992277,0,0,0.0039870543
3014056,0,0,0.0023818235
2997451,0,0,0.0038137473
3003661,0,0,0.0015545357
3004341,0,0,0.011999637
2998064,0,0,0.00918449
2998710,0,0,0.008604213
2995332,0,0,0.0022904803
3003974,0,0,0.0030092949
2989987,0,0,0.012030554
2988868,0,0,0.004586138
2992695,0,0,0.014214192
2990495,0,0,0.009628895
3004095,0,0,0.0049684434
3015023,0,0,0.0018782878
2994690,0,0,0.0037249562
3008501,0,0,0.0066154553
2994401,0,0,0.015144207
3003791,0,0,0.0043231854
2996506,0,0,0.01874055
3017778,0,0,0.0041893497
3000539,0,0,0.006067153
3004951,0,0,0.009850382
2998567,0,0,0.0031188638
3016557,0,0,0.04106836
3006953,0,0,0.004775356
3007084,0,0,0.004600108
2995995,0,0,0.029195951
3014035,0,0,0.007811608
3011817,0,0,0.038660508
2989039,0,0,0.012723576
3004491,0,0,0.01361452
2996110,0,0,0.021013806
2987354,0,0,0.0061103543
2998294,0,0,0.00720567
3006388,0,0,0.027933482
2996074,0,0,0.003947634
3014062,0,0,0.008345067
3017150,0,0,0.004386781
2993355,0,0,0.0013188255
2992652,0,0,0.045656033
3002736,0,0,0.0010872823
3007650,0,0,0.01005401
3018097,0,0,0.016296117
3018130,0,0,0.00069653324
3001313,0,0,0.059115417
3002259,0,0,0.0065449085
3016786,0,0,0.01402775
2987120,0,0,0.009161503
2997332,0,0,0.004309789
3006449,0,0,0.071701296
3001757,0,0,0.011045741
2993529,0,0,0.042351637
3006197,0,0,0.011656422
2992238,0,0,0.00937173
2990653,0,0,0.005859755
3008149,0,0,0.002690858
3013164,0,0,0.009190862
2995850,0,0,0.005443476
3016967,0,0,0.008636238
3010019,0,0,0.032692708
3008807,0,0,0.0068191895
3013985,0,0,0.019908039
2994899,0,0,0.011283956
3009017,0,0,0.007090625
2999447,0,0,0.017684594
3018630,0,0,0.018956995
3008861,0,0,0.0022861322
2988850,0,0,0.00235206
3012634,0,0,0.007967672
3018005,0,0,0.0021948216
3003670,0,0,0.019348063
2989696,0,0,0.012912327
2989684,0,0,0.0060104774
3002894,1,0,0.012246304
3005497,0,0,0.0014612407
2999255,0,0,0.0118036615
2991305,1,0,0.068330005
2993336,0,0,0.02924937
3017425,0,0,0.018840149
3013742,0,0,0.11902573
2995653,0,0,0.004866108
3003006,0,0,0.014363084
2997701,0,0,0.0039118645
2994775,0,0,0.0067153415
2994540,0,0,0.0035212024
3000236,0,0,0.006169562
3016575,0,0,0.0015897683
3015199,0,0,0.011746095
3012679,0,0,0.0017197552
3000355,0,0,0.0020663028
3015931,0,0,0.0014485153
3010727,0,0,0.003406803
3001431,0,0,0.002887057
3014845,0,0,0.0012032407
3000947,0,0,0.00914211
2990137,0,0,0.0043695644
3003890,0,0,0.015104409
2990150,0,0,0.0073307552
2987641,0,0,0.013158407
3000323,0,0,0.0013736554
3001786,0,0,0.008495463
3005739,0,0,0.03734582
3016741,0,0,0.025523316
3004715,0,0,0.004031369
2990057,0,0,0.0029740115
3012429,0,0,0.0023667465
2994056,0,0,0.0061398926
2993824,0,0,0.0074482886
2999434,0,0,0.0036905834
3013123,0,0,0.013173685
2991871,0,0,0.005618262
3018399,0,0,0.0052634957
3011261,1,0,0.0023617921
2998592,0,0,0.0031899712
3010332,0,0,0.0049564093
3015329,0,0,0.008850178
2993113,0,0,0.030650284
3000626,0,0,0.005173002
3010235,0,0,0.017888656
3012599,1,1,0.9812377
3005979,0,0,0.038843215
3012713,0,0,0.0011090735
3005779,0,0,0.0028878683
2987061,0,0,0.0039733564
3011146,0,0,0.008598122
3015219,0,0,0.006648585
2988086,0,0,0.0028827433
2990449,0,0,0.006971364
3010902,0,0,0.01185274
3011903,0,0,0.0013201627
3007875,0,0,0.0030027581
3018288,0,0,0.013427446
2989368,0,0,0.0070591983
3013038,0,0,0.0033062322
3013354,0,0,0.015247325
2992474,0,0,0.009667491
2988517,0,0,0.010608683
3008152,0,0,0.0071919016
2995702,0,0,0.009191266
3015259,0,0,0.0022549445
3007476,0,0,0.0022059074
3015925,0,0,0.005528271
3002713,0,0,0.0021835235
2993635,0,0,0.00882033
3014601,0,0,0.0014411302
3007959,0,0,0.027601244
3014480,0,0,0.018522896
3016260,0,0,0.0045601185
3009596,0,0,0.0065741357
2997326,0,0,0.028095094
3007277,0,0,0.00729403
3009063,0,0,0.0067839306
2992483,0,0,0.006585481
3013805,0,0,0.008475509
3004353,0,0,0.0019379966
3004686,0,0,0.017815217
2990881,1,1,0.5444707
2993105,0,0,0.011489542
3002026,0,0,0.07748911
2994951,0,0,0.0024189304
2996528,0,0,0.032657344
2992439,0,0,0.004728486
3012840,0,0,0.006902753
3017858,0,0,0.017261453
3004118,0,0,0.016626608
2994938,0,0,0.008471922
3002300,0,0,0.0035351925
3012606,0,0,0.0048956955
3010349,0,0,0.010795902
3000207,0,0,0.025867127
3004595,0,0,0.00105852
2999610,0,0,0.0068629263
2988966,1,0,0.10121383
3000404,0,0,0.008370774
2995360,0,0,0.0024716766
3008848,0,0,0.07471669
3003146,0,0,0.007106031
3003492,0,0,0.023105005
3015380,0,0,0.006825244
3004080,0,0,0.013260411
3007418,0,0,0.007934938
2998869,0,0,0.0018851543
3005381,0,0,0.005698067
3000166,0,0,0.004363273
2994218,0,0,0.023357138
2989669,0,0,0.011630697
3013934,0,0,0.0023111436
2994428,0,0,0.23663314
2988287,0,0,0.0023574794
2993432,0,0,0.0058418075
3009197,0,0,0.008745388
2993882,0,0,0.00906109
3005071,0,0,0.014330091
2996411,0,0,0.005598968
2987661,0,0,0.0015963742
2989456,0,0,0.008849897
2997049,0,0,0.03592607
2993921,0,0,0.0031747737
2996923,0,0,0.00427526
2992351,0,0,0.010074253
3004350,0,0,0.0039181146
2993890,0,0,0.04823938
3011075,0,0,0.08093105
2996449,0,0,0.009871873
3013185,0,0,0.010477329
2992780,0,0,0.0025434375
3016589,0,0,0.0035542548
2987666,0,0,0.010029418
3015597,0,0,0.010532092
3008634,0,0,0.0009953452
3012071,0,0,0.024780119
2998948,0,0,0.100952126
2997793,0,0,0.032912295
3011233,0,0,0.0018825989
3007952,0,0,0.0075595947
3011061,0,0,0.010575073
3008320,0,0,0.0038738507
3001506,0,0,0.02783639
3003491,0,0,0.0024885756
3018099,0,0,0.013103647
2987243,1,1,0.4262408
3001493,0,0,0.005667102
3005642,0,0,0.018630713
3015836,0,0,0.007943696
3002805,0,0,0.011098098
3001072,0,0,0.0074476856
3006479,0,0,0.02369957
3014908,0,0,0.005535587
3007915,0,0,0.0050952644
3000143,0,0,0.009456185
3006189,0,0,0.00415835
2999289,0,0,0.0091927
2999621,0,0,0.016321033
3015359,0,0,0.002393649
3004761,0,0,0.007873272
3017551,0,0,0.0053397347
3015429,0,0,0.0017202499
2993672,0,0,0.0047017406
3011346,0,0,0.01443586
3015250,1,0,0.037996974
3002800,1,0,0.0178311
3002605,0,0,0.0025567317
3004179,0,0,0.0057189288
3004443,0,0,0.049164385
3015683,0,0,0.009800757
2995604,0,0,0.02285059
2987756,0,0,0.00815665
3007984,0,0,0.0026156823
2993001,1,1,0.94833046
3018595,0,0,0.00496489
3008104,0,0,0.0028613624
2995640,0,0,0.00366888
2993866,0,0,0.0073193996
3017721,0,0,0.0019628268
3015262,0,0,0.0031056716
3004972,0,0,0.049649276
3015450,0,0,0.036617637
3007719,1,1,0.9273825
3012249,0,0,0.005066049
3003423,0,0,0.016433718
2989739,0,0,0.007568336
2989105,0,0,0.006668909
2988470,0,0,0.00981287
3013410,0,0,0.016950449
2997504,0,0,0.027710885
3014833,0,0,0.08147473
3007857,0,0,0.0026194532
2999590,0,0,0.007629484
2995879,0,0,0.0045130434
3005403,0,0,0.0028932516
3013814,0,0,0.0034071254
2995335,0,0,0.0452285
3000446,0,0,0.006499191
3001942,0,0,0.012436545
2988641,0,0,0.003329984
3016024,0,0,0.0030790458
2987692,0,0,0.007070912
3018538,0,0,0.006519349
3013829,0,0,0.034134734
2993168,0,0,0.00078744156
3013433,0,0,0.009873178
3007960,0,0,0.0016375858
2996641,0,0,0.003034742
2992321,0,0,0.00807928
2996346,0,0,0.010193642
2999535,0,0,0.0010052946
3008834,0,0,0.03242935
3004089,0,0,0.036753897
3003925,0,0,0.0042075887
3016984,0,0,0.00933658
3012781,0,0,0.008503464
2988720,0,0,0.01139207
2998102,0,0,0.00218617
3014461,0,0,0.0051065707
2991426,0,0,0.02049051
3003334,1,1,0.9827946
3016723,0,0,0.0012330367
2992950,0,0,0.0055851983
3012018,0,0,0.007961675
3015550,0,0,0.026397998
3005272,0,0,0.006023413
3002875,0,0,0.0037596622
3012558,0,0,0.0032021168
3001652,0,0,0.02343846
3013301,0,0,0.013467338
3005225,0,0,0.0018880687
2997043,0,0,0.0061512897
3007380,0,0,0.0062079136
3003541,0,0,0.024597427
3004813,0,0,0.0068907635
2989953,0,0,0.0074560894
3000757,0,0,0.0026333202
3007893,0,0,0.0057744156
3006791,0,0,0.0069168224
2987874,0,0,0.035497617
3011726,0,0,0.05292996
2992686,0,0,0.0065977867
3017640,0,0,0.17543054
2993245,0,0,0.0027045105
2999907,0,0,0.034687247
2992001,0,0,0.0032532413
3016823,0,0,0.005894345
2993697,0,0,0.008154733
3005976,0,0,0.014797075
2999029,0,0,0.0017354169
2997574,0,0,0.010195153
2988469,0,0,0.0058749053
2992119,0,0,0.0071934066
2995246,0,0,0.00269019
3015194,0,0,0.007286625
2989376,0,0,0.00718875
3000010,0,0,0.010493784
3013244,0,0,0.0033144397
3004367,0,0,0.0026284382
3008402,0,0,0.0027777532
3010355,0,0,0.003560617
3017954,0,0,0.0011852641
3003357,0,0,0.020214424
3017074,0,0,0.0065490734
3008071,0,0,0.021951899
2991888,0,0,0.007986332
2992180,0,0,0.06495594
3004205,0,0,0.004007247
3015780,0,0,0.037147246
2990524,0,0,0.004138179
3016064,0,0,0.0029465395
3007108,0,0,0.002579342
3001394,0,0,0.016406372
2997933,0,0,0.0041621174
3006786,0,0,0.011593498
3011616,1,0,0.22842914
3017859,0,0,0.0030219306
3004535,0,0,0.006422982
2989627,0,0,0.015606868
3005999,0,0,0.033659037
2992711,0,0,0.0038891605
3009346,0,0,0.029386578
2989373,0,0,0.018470779
3016978,0,0,0.00634984
3013378,1,1,0.98912406
2988823,0,0,0.0029447707
2998460,0,0,0.002479184
2994864,0,0,0.02075723
3007913,0,0,0.0025772562
3009214,0,0,0.007567419
3009693,1,1,0.51165986
3011523,0,0,0.030261787
3010137,0,0,0.020632913
3015315,0,0,0.003181328
3011395,0,0,0.003031221
2997854,0,0,0.0030376345
2996281,0,0,0.0030025467
3009924,0,0,0.0024320057
2988211,0,0,0.0061155027
2997107,0,0,0.0065323543
3000119,0,0,0.07970494
3001781,0,0,0.052016634
2989334,0,0,0.005688091
2999066,0,0,0.0020853947
3003285,0,0,0.0021014742
3011164,0,0,0.006072921
3016660,0,0,0.027413698
3018331,0,0,0.18167014
2988398,0,0,0.01288571
2994287,0,0,0.022002006
3014583,0,0,0.0040049925
3014841,0,0,0.005339461
2991975,0,0,0.004357437
2989340,0,0,0.0066387
3004606,0,0,0.07120858
3013879,0,0,0.0021472138
2990648,0,0,0.027032668
3015285,0,0,0.0055793617
2999200,1,0,0.15491836
2987904,0,0,0.024302518
2994738,0,0,0.0019775154
2990242,0,0,0.06555544
2999443,0,0,0.0036229934
2998448,0,0,0.002154681
3001105,0,0,0.00342053
3006272,0,0,0.004231451
3013706,0,0,0.0047775297
2991590,0,0,0.007854889
3000116,0,0,0.006140539
3002598,0,0,0.0043958975
2993233,0,0,0.010612277
2997588,0,0,0.021198204
3017960,0,0,0.015091774
3004320,0,0,0.0065526143
3008409,0,0,0.011110056
2995067,0,0,0.006483854
3011747,0,0,0.0046442985
2989828,0,0,0.003383653
3015885,0,0,0.012255605
3018163,0,0,0.061371017
3008316,0,0,0.0020558066
2993397,0,0,0.0020177988
2990188,0,0,0.19314672
2987967,0,0,0.019523442
3018545,0,0,0.008166211
2993547,0,0,0.0041897614
2995009,0,0,0.0026654582
2996918,0,0,0.0036778117
2998016,0,0,0.014393006
3006535,0,0,0.0044644405
3003171,0,0,0.007933253
2998832,0,0,0.005322422
3000615,0,0,0.0009040474
3012536,0,0,0.0017926319
2996799,0,0,0.006596336
2990577,0,0,0.007403042
2998366,0,0,0.030017216
2996831,0,0,0.008386233
2993944,0,0,0.004411799
3017805,0,0,0.0031472356
2996816,0,0,0.003935409
3009724,0,0,0.0058583664
3008726,0,0,0.029101515
2997480,0,0,0.024056984
3008712,0,0,0.058687408
2989645,0,0,0.0023490007
2990517,0,0,0.0028543766
3003083,0,0,0.0059366864
3011652,0,0,0.003569218
3011168,0,0,0.004114657
3008706,0,0,0.0118396515
2999044,0,0,0.0026496537
2999643,0,0,0.00909832
2993335,0,0,0.0062710107
3002109,0,0,0.0016839314
3002562,0,0,0.025456533
2988339,0,0,0.005814166
3014868,0,0,0.009241855
3013710,0,0,0.011975838
3003311,0,0,0.0013610959
2995678,0,0,0.032874253
2987149,0,0,0.0040004966
2988672,0,0,0.026353657
3002184,0,0,0.010030275
3004007,0,0,0.014578714
3000709,0,0,0.0027495145
3010645,0,0,0.022431139
2992568,0,0,0.013591832
2989874,0,0,0.002980643
3005116,0,0,0.0044198344
3005263,0,0,0.001207291
3006779,0,0,0.0039585573
3010622,0,0,0.009644864
3002685,0,0,0.028191665
3011688,0,0,0.0017256497
3010191,0,0,0.0017865177
3016791,0,0,0.009675059
2995894,0,0,0.0049238354
2994877,0,0,0.001741704
3004023,0,0,0.004360067
3010463,0,0,0.0035538715
2988103,0,0,0.0018334351
3001577,0,0,0.006400828
2992121,0,0,0.0034171606
3000463,0,0,0.013136203
2992555,0,0,0.007916039
2999573,0,0,0.017726567
3008451,0,0,0.049808305
2999942,0,0,0.002580962
2995265,0,0,0.0040086634
2994238,0,0,0.039329287
3016400,0,0,0.027328948
2991746,0,0,0.010403256
3000836,0,0,0.0096245445
2998449,0,0,0.0052103116
3010059,0,0,0.009153049
3010691,0,0,0.013441369
3007553,0,0,0.0055381055
2998250,1,0,0.03589619
3007828,0,0,0.003677293
3015448,0,0,0.08339653
2994449,0,0,0.0013398265
2990708,0,0,0.009670924
3017985,0,0,0.0051395865
3014932,0,0,0.004820723
2990594,0,0,0.0013373876
2997433,0,0,0.07826834
3010827,0,0,0.007040582
3008963,0,0,0.0027926657
3006417,0,0,0.0038404816
2990814,0,0,0.004237201
2990339,0,0,0.0035127583
3014579,0,0,0.006178919
3014802,0,0,0.010669057
3002943,0,0,0.009340328
2991045,0,0,0.005617391
2989141,0,0,0.04226127
3013617,0,0,0.0028842718
3014110,0,0,0.008041794
3015474,0,0,0.0032602672
3015007,0,0,0.0028340628
2987984,0,0,0.0048410823
3012162,0,0,0.007727944
2998997,0,0,0.0023078343
3017842,0,0,0.009163391
2997637,0,0,0.0116325
2998497,0,0,0.0008165638
3015290,0,0,0.012326976
3015675,0,0,0.0066194143
2987916,0,0,0.021503907
3017713,0,0,0.00397287
3002415,0,0,0.011221855
3009079,0,0,0.0016096361
2987468,0,0,0.0075099915
2997385,0,0,0.0068793423
3009261,0,0,0.0066617643
3004973,0,0,0.010157915
3001921,0,0,0.004872707
3002090,0,0,0.004835964
2992674,0,0,0.004048039
3008297,0,0,0.0027215222
3018435,0,0,0.023506725
2993632,0,0,0.06147211
3005592,0,0,0.0027272254
2993392,0,0,0.0017359292
3007987,1,1,0.93441606
2995290,0,0,0.008185133
2990903,0,0,0.0014140259
3013543,0,0,0.010628757
3011659,0,0,0.0026789708
3016832,0,0,0.001651864
3007524,0,0,0.0013903043
3010635,0,0,0.025734395
2989431,0,0,0.0053809755
3012628,0,0,0.049892467
2989463,0,0,0.004448897
2997283,0,0,0.015399263
3005092,0,0,0.0032012628
3018504,0,0,0.032173567
3018433,0,0,0.020397298
2994076,0,0,0.007835071
3005517,0,0,0.0013568695
2988113,0,0,0.014266463
2990435,0,0,0.0070687262
2989026,0,0,0.016866233
3017583,0,0,0.018587641
2988079,0,0,0.055812072
2998138,0,0,0.0017713609
3018012,0,0,0.0011573948
3006589,1,1,0.9661274
3009361,0,0,0.0039712586
3013173,0,0,0.01872653
2990868,0,0,0.007327286
3008253,0,0,0.004508913
3008973,0,0,0.007600944
2998200,0,0,0.0025513724
3012419,0,0,0.010996818
3017903,0,0,0.0044457153
3008354,0,0,0.008122815
3002491,0,0,0.016000383
3011375,0,0,0.012745501
2994290,0,0,0.003668934
3008624,0,0,0.002569841
3009959,0,0,0.0031076623
3016332,0,0,0.031051636
3014437,0,0,0.0073426664
3007988,0,0,0.012437781
3004516,0,0,0.037315305
2987529,0,0,0.065874435
2991398,0,0,0.04465759
3007931,0,0,0.0009961558
3011999,0,0,0.00717732
3016350,0,0,0.01533181
3016956,0,0,0.013393914
2998381,0,0,0.017826818
3005165,0,0,0.0054847915
3003679,0,0,0.0025208257
3018607,0,0,0.0034535234
3015234,0,0,0.001574916
3000738,0,0,0.013559241
3004605,0,0,0.009496019
3011908,0,0,0.0028912136
3004679,0,0,0.0018754016
2992665,0,0,0.093627304
3016822,0,0,0.008605567
2995527,0,0,0.0039938693
3015918,0,0,0.001499902
2992985,0,0,0.005924365
2994728,0,0,0.09759449
2989794,0,0,0.003944307
2990941,0,0,0.0023174721
3005156,0,0,0.09855505
2992528,0,0,0.0011505061
2993729,1,0,0.016321806
3004222,0,0,0.041485164
3017853,0,0,0.0023598974
3016206,0,0,0.011998602
2987688,0,0,0.0039073597
2999325,0,0,0.0488884
3016631,0,0,0.051913824
2987249,0,0,0.0019875225
2991547,0,0,0.005349661
2992251,0,0,0.0031457774
2995780,0,0,0.005231144
2991561,0,0,0.037300732
3007489,0,0,0.005880402
2998680,0,0,0.0021292455
2987868,0,0,0.0034895074
2993903,0,0,0.0055736527
2995869,0,0,0.00643748
3015415,0,0,0.006133599
3013432,0,0,0.0068525695
2991793,0,0,0.0023418565
3007688,0,0,0.0021776657
3000798,0,0,0.024508353
3006188,0,0,0.021352809
2996038,0,0,0.002762388
3005671,0,0,0.0032739425
2997838,0,0,0.012962759
2990481,0,0,0.0020953016
2992718,0,0,0.011309131
2987048,0,0,0.004557362
2994982,0,0,0.0012838709
2991236,0,0,0.009171564
3009123,0,0,0.018015033
3012335,0,0,0.022108184
2990684,0,0,0.0013442892
3008121,0,0,0.011987071
3016645,0,0,0.00092878926
2992162,0,0,0.0069302875
3015948,0,0,0.0013787859
2995313,0,0,0.004656531
3007306,0,0,0.03272534
3002539,0,0,0.0023731028
3013919,0,0,0.0073690857
3013889,0,0,0.031549335
3001541,0,0,0.03323893
2989823,0,0,0.017565416
2992716,0,0,0.0052671568
3001878,0,0,0.0038495518
3004594,0,0,0.0042493423
2993863,0,0,0.063607894
3018520,0,0,0.005169744
3009592,0,0,0.0026770693
3002009,0,0,0.008710318
3003600,0,0,0.01370715
3000165,0,0,0.024331955
2992186,0,0,0.07885409
2998532,0,0,0.041441385
2990120,0,0,0.006293748
3014015,0,0,0.0023216764
2998268,0,0,0.00191446
3011125,0,0,0.008390791
3008774,0,0,0.0023570939
3013978,0,0,0.017211834
2989210,0,0,0.00452064
3014340,0,0,0.0073685804
2988947,0,0,0.010807626
3010907,0,0,0.0025576719
3017385,0,0,0.118741065
2997794,0,0,0.0071241874
3012137,0,0,0.01653465
3008441,0,0,0.0038487108
2997135,0,0,0.0035920336
2993477,0,0,0.006132812
3017438,0,0,0.039673988
2994479,0,0,0.007525125
3008685,0,0,0.0015809912
3008474,0,0,0.072707176
3000822,0,0,0.0020764393
3015472,0,0,0.0033086243
3000691,0,0,0.0045743524
2991897,0,0,0.0020889463
3014758,0,0,0.0040437523
3002624,0,0,0.006988368
2999154,0,0,0.013259886
2991467,0,0,0.004897582
3015654,0,0,0.009441359
2997071,0,0,0.052411836
3005586,0,0,0.004856205
3016419,0,0,0.0045126025
2989614,0,0,0.15748273
2996776,0,0,0.0018943831
2997777,0,0,0.0058286735
2995085,0,0,0.006528472
3003643,0,0,0.0030135624
3018184,0,0,0.0060661184
3015518,1,1,0.69558114
2993833,0,0,0.006967714
3011487,0,0,0.0011316475
3012320,0,0,0.0012769093
3004279,0,0,0.0039062724
2987122,0,0,0.009597519
3010030,0,0,0.0010649505
2994898,0,0,0.0036257831
2990405,0,0,0.0039736605
2995120,0,0,0.0022375614
2998599,0,0,0.0067250435
2987333,0,0,0.00069916854
3009114,0,0,0.001504072
3017881,0,0,0.007310224
3009024,0,0,0.002533131
3010960,0,0,0.009370215
3013242,0,0,0.004652574
2991848,0,0,0.0023552242
3005098,1,0,0.046135314
3000755,0,0,0.00097147154
2991335,0,0,0.0015323632
3013826,0,0,0.009868196
2998725,0,0,0.0036970992
3011189,0,0,0.0020935095
2988403,0,0,0.004216531
3017136,1,1,0.9315036
2999515,0,0,0.002175374
2992542,0,0,0.0029876486
2992714,0,0,0.026125884
3011563,0,0,0.0021353827
3016193,0,0,0.015169091
3008891,0,0,0.0012027273
3002848,0,0,0.0061471574
3008423,0,0,0.0037488367
3007548,0,0,0.01130227
3004994,0,0,0.002334082
3009028,0,0,0.022470493
2987848,0,0,0.017955653
2989906,0,0,0.0070692585
2990506,0,0,0.0012976897
2990306,0,0,0.003389334
3007110,0,0,0.009730667
3014416,0,0,0.005682382
3003263,0,0,0.003310737
3014807,0,0,0.0046294653
3017856,0,0,0.007662705
2990416,0,0,0.00427319
3008012,0,0,0.008877135
2997108,0,0,0.0049497373
3009842,0,0,0.009659085
3000237,0,0,0.003411973
2989973,0,0,0.009900639
2998482,0,0,0.017167438
3013442,0,0,0.0035876296
3002895,0,0,0.0094229765
2987878,0,0,0.12123642
2999128,0,0,0.0032814557
3010711,0,0,0.0034754402
2997847,0,0,0.0018683661
3001247,0,0,0.0055674217
2993478,0,0,0.017507974
3007060,0,0,0.0026735198
3012919,0,0,0.012130771
3011121,0,0,0.06281467
3003128,0,0,0.0014093843
3012804,0,0,0.03154134
3002789,0,0,0.0024396705
2993598,0,0,0.001467001
3010586,0,0,0.0010724008
3007361,0,0,0.008446985
2994683,0,0,0.004992845
3007103,0,0,0.07714832
2993916,0,0,0.004115306
3000439,0,0,0.0059835142
2988476,0,0,0.012561038
2993275,0,0,0.093890116
3013087,1,1,0.9648148
3013719,0,0,0.0028792855
2995347,0,0,0.0078885835
3016053,0,0,0.13501397
2993926,0,0,0.017711395
3010708,0,0,0.0089777345
3017014,0,0,0.0032782273
3001733,0,0,0.00447707
3016629,0,0,0.0029488099
2999805,0,0,0.003934187
3016616,1,1,0.42121097
2996554,0,0,0.005968388
3017938,0,0,0.025134277
3011687,0,0,0.018427357
2996912,0,0,0.0047794348
3013384,0,0,0.041112717
3007518,0,0,0.0018686702
2993370,0,0,0.0028425595
3014184,0,0,0.008926397
2988599,0,0,0.009059189
3009601,1,1,0.98103094
3011496,0,0,0.008692793
2996196,0,0,0.0068671526
2996271,0,0,0.03601203
2989392,0,0,0.0018256059
3014957,0,0,0.01043413
2989307,0,0,0.007583465
3015441,1,0,0.042439044
2989395,0,0,0.0034776556
3006665,0,0,0.0075756814
2989375,0,0,0.0010074913
3001576,0,0,0.0038127424
3017662,0,0,0.008623
2996928,0,0,0.0026197645
3010477,0,0,0.0038815993
2990181,0,0,0.013607849
3009628,0,0,0.0014763197
3003805,0,0,0.016243473
3015940,0,0,0.005304682
2999944,0,0,0.006849247
2997222,0,0,0.00537051
2996385,0,0,0.10341711
3011333,0,0,0.0073838304
2989357,1,0,0.0045364415
3018765,0,0,0.002613449
3001993,0,0,0.008691633
3004760,0,0,0.005298936
2990664,0,0,0.019783134
3003783,0,0,0.0260412
2990222,0,0,0.011542569
2987140,0,0,0.0030611153
3009650,0,0,0.001894329
3007411,0,0,0.0078319535
3016579,0,0,0.0062097935
3014855,0,0,0.0039634146
2994064,0,0,0.0658574
3009868,0,0,0.06667415
3002307,0,0,0.023906093
3011573,0,0,0.0025293303
3011555,1,1,0.56672823
3006076,0,0,0.005527482
3005245,0,0,0.04974547
2991361,0,0,0.007064457
2998758,0,0,0.0064282245
3008334,0,0,0.004758166
2991048,0,0,0.008940599
2990192,0,0,0.036929075
2987172,0,0,0.0013429616
3016448,0,0,0.034427162
3007366,0,0,0.0065630055
3015083,0,0,0.005230382
2991179,0,0,0.013020275
3015005,0,0,0.0040698266
3017330,0,0,0.025563028
3013040,0,0,0.004551996
3011015,0,0,0.004897982
2989081,0,0,0.0035845952
3004310,0,0,0.04721612
2994289,0,0,0.027667454
2991553,0,0,0.014662786
2999103,0,0,0.0086924555
2987538,0,0,0.0018823605
2995338,0,0,0.006642056
2997790,0,0,0.0049903207
3014622,0,0,0.003512012
3007878,0,0,0.010724427
3009574,0,0,0.0026336685
3001940,0,0,0.009063235
3006374,0,0,0.002950825
3009497,0,0,0.0034238868
2988731,0,0,0.005649131
3003317,0,0,0.022095786
3005431,0,0,0.007277039
2994321,0,0,0.0057560783
3010119,0,0,0.017639497
2988916,0,0,0.007040642
2989491,0,0,0.025922814
2992632,1,1,0.62835455
3010726,0,0,0.003228029
2995362,0,0,0.00547333
2991855,0,0,0.040525336
3002122,0,0,0.04287845
3003080,0,0,0.004639104
2999337,1,1,0.6396225
2996895,0,0,0.009436544
3016487,0,0,0.014443154
3011987,0,0,0.0031084144
3012177,0,0,0.010429558
